"tilltalsnamn","2005","2006","2007","2008","2009","2010","2011","2012","2013","2014"
"Aaron",21,31,35,43,40,41,43,66,55,68
"Abbas",..,..,11,13,18,11,20,12,17,12
"Abbe",21,27,39,26,37,45,51,59,69,55
"Abdallah",..,..,..,..,..,..,..,11,11,..
"Abdirahim",..,..,..,..,..,..,..,..,..,10
"Abdirahman",12,22,16,21,24,29,30,33,32,53
"Abdulahi",..,..,..,..,..,..,10,..,11,..
"Abdullahi",10,14,10,14,15,13,24,18,26,34
"Abdullah",10,..,11,..,20,24,22,28,27,33
"Abdulrahman",..,..,..,..,..,..,..,..,..,11
"Abel ",..,..,..,..,..,..,..,11,..,10
"Abraham",..,..,..,..,..,..,..,12,10,..
"Acke",..,..,..,..,..,..,..,..,..,11
"Adam",579,567,526,463,502,470,478,452,464,458
"Adel",..,..,13,..,..,10,..,..,..,..
"Adem",..,..,12,..,..,..,10,14,12,18
"Adil",..,..,..,..,..,..,..,..,..,10
"Adin",..,..,..,..,..,..,..,..,10,12
"Adis",..,..,..,..,..,..,..,..,..,..
"Adnan",..,16,15,17,19,16,18,18,12,21
"Adrian",229,263,255,263,279,275,298,340,397,444
"Adriano",..,..,..,..,13,..,..,..,..,..
"Agaton",..,16,..,16,16,21,25,11,15,12
"Agust",..,..,..,..,16,..,17,15,..,24
"Ahmad",29,23,33,31,36,38,41,33,38,42
"Ahmed",64,47,56,65,63,76,72,85,86,94
"Aiden ",..,..,..,..,..,..,13,12,16,15
"Ajdin",..,15,..,..,..,13,18,..,13,13
"Akram",..,..,..,..,..,..,..,..,15,..
"Aksel",..,10,..,..,..,13,..,..,11,15
"Aland",..,..,10,..,..,..,..,..,..,..
"Alan",23,19,17,19,13,24,16,13,24,22
"Albert",77,88,90,82,81,102,108,86,99,101
"Albin",769,749,695,613,602,580,525,480,454,446
"Aldin",22,15,22,16,11,20,11,19,..,..
"Alec",..,..,..,..,..,..,..,..,..,..
"Alejandro ",..,..,..,..,..,..,..,11,..,..
"Aleksandar",..,..,12,..,10,..,..,..,15,14
"Aleksander",10,..,10,14,12,13,17,11,19,13
"Alen",10,14,..,..,10,..,..,..,..,..
"Alessandro",..,12,10,..,..,..,13,10,..,16
"Alexander",941,896,767,838,821,866,717,738,669,612
"Alexandros",..,..,..,..,..,..,..,..,12,..
"Alexis",..,10,..,10,..,..,10,15,24,16
"Alex",202,224,231,263,220,232,168,182,149,180
"Alf",..,..,..,..,..,..,..,..,..,13
"Alfons",99,100,107,114,104,103,99,85,86,66
"Alfred",299,303,319,362,420,478,431,495,473,547
"Algot",64,65,82,107,113,121,124,115,125,126
"Ali",100,112,118,128,128,144,144,152,143,147
"Allan",17,32,25,29,37,37,32,47,32,54
"Almin",..,..,..,..,..,..,..,10,..,..
"Almir",..,..,..,..,..,..,..,..,..,..
"Altin",10,..,..,12,12,..,..,..,..,..
"Alvar",40,62,65,74,70,96,96,93,110,103
"Alve",24,38,31,29,46,62,70,84,77,109
"Alvin",253,348,364,413,464,445,373,335,291,271
"Alwin",26,34,45,54,54,43,42,40,51,50
"Amadeus",28,27,30,30,30,35,15,38,51,47
"Amandus ",..,..,10,..,..,..,..,17,21,15
"Amar",13,15,..,10,23,16,16,14,14,11
"Amel",..,..,..,11,..,..,..,..,..,..
"Amer",..,..,..,..,..,..,..,..,..,..
"Amin",23,22,12,33,22,23,26,25,24,29
"Amir",37,26,45,46,46,64,66,70,81,84
"Amos ",..,..,..,..,12,..,..,..,10,10
"Anas",..,10,23,23,34,42,39,26,67,47
"Anders",28,23,14,25,11,13,..,12,16,11
"Andi",..,10,..,..,..,..,..,15,14,..
"Andreas",173,116,102,62,56,58,50,44,44,40
"Andréas",..,..,..,..,..,..,..,..,..,..
"Andrej",..,..,12,11,..,..,11,10,..,11
"André",102,102,60,55,43,44,43,32,39,32
"Andrew",..,14,..,..,..,..,..,..,..,..
"Andy",17,13,16,15,14,15,..,13,10,..
"Anes",16,..,10,..,..,..,..,..,..,..
"Angelo",27,28,25,26,24,25,29,33,31,27
"Ante",13,11,10,17,..,..,11,11,..,..
"Anthon",15,14,14,10,..,10,..,10,..,11
"Anthony",25,25,18,29,28,29,21,21,17,28
"Antoni ",..,..,..,..,..,..,..,11,..,12
"Antonio",43,39,41,36,31,33,28,28,22,32
"Anton",840,887,809,694,654,616,648,602,570,450
"Aram ",..,..,..,..,10,10,..,13,12,11
"Aran",..,..,..,..,..,..,..,..,..,10
"Aras",..,..,..,10,..,..,..,10,10,..
"Arda",..,28,30,15,26,17,11,12,..,..
"Arian",17,13,10,17,23,18,19,22,22,14
"Arild ",..,..,..,..,..,..,..,11,..,..
"Arin ",..,..,..,..,..,..,11,..,..,..
"Arman",10,10,12,14,17,16,14,17,10,21
"Armin",14,20,11,18,18,16,..,16,17,18
"Aron",87,87,114,98,108,91,106,108,126,121
"Arthur",13,12,20,19,29,34,45,46,53,47
"Artin",..,..,11,10,14,11,..,16,10,..
"Artur",..,11,12,17,10,10,13,14,21,30
"Arve",..,..,..,..,..,12,..,..,..,..
"Arvid",442,475,485,500,544,589,563,531,565,540
"Arwid",..,10,13,..,..,..,..,10,10,11
"Arvin",21,14,14,21,22,26,13,20,18,26
"Aryan",..,..,..,12,..,12,10,..,14,11
"Assar",..,17,10,22,20,26,14,23,19,22
"Aston",15,19,25,29,57,51,51,78,84,93
"Astor ",..,..,10,..,14,13,16,10,13,16
"Atlas",..,..,..,..,..,..,..,..,..,10
"Atle",10,..,17,12,16,..,20,14,18,18
"August",116,110,108,139,153,166,180,222,240,261
"Axel",745,741,691,676,705,675,670,624,658,572
"Ayan",..,..,..,..,..,..,..,..,..,11
"Ayman ",..,..,..,..,..,..,..,17,12,26
"Ayoub",..,..,..,..,..,..,..,..,..,11
"Ayub",..,10,..,16,16,12,19,15,20,25
"Ayuub",..,..,..,..,..,..,..,..,..,11
"Aziz",..,..,..,11,..,..,..,..,..,..
"Baran",22,12,..,14,..,13,..,..,..,..
"Bastian",17,20,31,23,32,43,45,46,57,58
"Benjamin",310,338,370,387,418,450,432,405,397,452
"Ben",12,..,18,11,14,20,28,26,33,20
"Benyamin",..,..,..,..,..,..,13,..,13,..
"Beppe",..,..,..,..,..,..,..,16,..,15
"Berat",..,..,..,..,..,..,..,22,19,15
"Bernard",..,..,..,..,..,..,..,..,11,15
"Bertil",..,..,..,11,..,14,24,17,28,36
"Bilal",23,12,17,18,19,20,18,29,37,26
"Bill ",..,..,..,10,15,19,27,43,55,65
"Billy",14,14,..,14,28,25,39,51,46,49
"Birger",..,..,..,..,..,..,..,11,11,18
"Birk",11,11,..,11,14,15,23,16,16,19
"Björn",31,28,28,35,41,40,30,48,42,56
"Bob",..,..,..,..,..,18,13,..,15,16
"Bo",..,10,14,15,14,29,28,42,52,67
"Bosse",..,..,..,..,..,..,23,25,25,37
"Brandon",..,..,..,..,..,..,..,..,..,..
"Brian",11,..,16,10,10,10,12,10,..,..
"Bror",..,..,..,..,..,..,13,..,20,22
"Bruno",23,41,48,44,50,28,36,39,35,40
"Buster",..,16,18,14,14,10,..,..,..,..
"Caesar",12,19,17,23,24,18,10,14,11,13
"Calle",46,49,26,31,25,44,21,22,15,15
"Carl-Johan",10,..,..,11,..,..,..,..,..,..
"Carl",364,286,297,245,276,208,217,166,184,174
"Carlos",..,10,..,..,..,13,..,..,..,..
"Caspar",..,11,..,12,..,10,11,13,..,..
"Casper",273,273,264,242,238,252,270,232,224,229
"Caspian",21,23,25,25,69,69,76,90,86,64
"Cazper",..,..,10,12,..,..,..,..,..,..
"Ceasar",..,18,16,15,12,13,..,..,..,..
"Cesar",..,17,22,18,15,17,19,16,22,..
"Cevin",..,..,12,..,..,..,..,..,..,..
"Charbel",..,..,10,15,..,..,12,..,..,18
"Charles",..,16,20,15,20,26,13,24,29,37
"Charlie",124,157,212,246,393,524,559,709,711,627
"Chris",..,..,..,10,..,..,13,..,..,11
"Christian",75,74,71,64,68,66,55,72,59,81
"Christofer",..,..,..,..,..,..,..,..,..,..
"Christoffer",77,64,54,46,37,37,43,25,18,16
"Christopher",27,33,25,30,19,25,21,19,19,19
"Christos",..,..,..,..,..,..,..,..,10,..
"Claes",..,..,..,..,..,..,..,..,..,..
"Colin",45,59,48,71,80,77,92,115,151,199
"Collin",..,..,..,..,14,10,29,25,42,48
"Conrad",..,..,..,..,15,13,10,10,..,14
"Cornelis",..,..,11,13,14,15,25,30,21,51
"Cornelius",..,..,..,..,12,..,..,..,11,10
"Dag",..,..,..,13,12,..,17,11,23,14
"Damian",..,..,..,..,10,15,13,11,16,14
"Damien",..,..,11,13,13,16,22,17,14,11
"Damon",..,..,..,..,..,..,..,..,..,10
"Danial",..,..,..,..,..,..,10,..,..,10
"Daniel",319,271,243,208,211,220,174,192,169,164
"Danilo",..,..,..,..,..,10,14,10,..,10
"Dani",..,11,..,..,..,11,..,10,11,..
"Dan",..,..,..,..,..,..,..,..,..,..
"Danny",..,..,15,17,17,16,15,..,14,10
"Dante",62,87,141,116,129,128,117,118,116,150
"Danyar",..,..,..,..,..,11,..,10,..,..
"Darian",..,..,..,..,12,..,..,..,..,..
"Darin",59,45,34,24,31,28,26,23,28,27
"Dario",..,..,..,14,..,..,..,10,..,..
"Daris",..,..,..,..,..,..,..,..,..,11
"David",503,433,408,397,312,294,251,237,218,216
"Dean",..,..,..,..,..,..,..,..,10,..
"Denis",11,10,12,..,12,11,13,17,..,..
"Deniz",17,..,..,12,12,14,12,16,22,13
"Dennis",148,110,118,116,88,82,54,77,56,37
"Denniz",..,..,..,..,..,..,..,..,..,..
"Devin ",11,24,26,22,33,55,50,61,58,52
"Dewin",..,..,..,..,..,..,..,10,10,14
"Dexter",30,26,29,45,64,69,42,62,78,66
"Diar",..,..,..,..,..,..,..,..,..,12
"Didrik",25,32,25,29,27,33,39,25,29,27
"Diego",..,10,13,13,..,10,15,..,..,..
"Diesel",..,..,..,..,..,..,11,..,..,..
"Dilan",..,11,..,..,..,14,10,..,..,15
"Dino",21,15,26,30,22,22,21,..,20,16
"Dio ",..,..,..,..,..,..,10,..,..,..
"Dion",..,13,22,18,18,17,17,22,15,14
"Dominic",15,14,16,26,23,20,22,23,25,32
"Dominik",..,..,..,..,..,..,10,..,11,..
"Dorian",..,..,..,..,..,..,10,..,..,..
"Douglas",79,74,70,68,75,109,95,81,92,86
"Dylan",16,38,22,21,23,44,43,56,45,46
"Ebbe",41,49,62,74,114,134,134,230,221,329
"Ebbot ",..,..,..,..,..,23,15,20,27,69
"Eddie",95,104,115,112,130,168,164,170,161,164
"Eddy",..,..,14,..,..,..,14,..,..,..
"Edgar",17,19,13,18,21,47,30,23,34,41
"Edin",11,14,18,..,15,19,16,13,19,21
"Edmond",..,10,..,..,..,..,..,..,..,..
"Edmund",..,..,..,..,..,..,..,..,..,10
"Edvard",21,27,23,40,34,38,55,53,49,47
"Edward",32,50,41,45,68,74,76,110,115,101
"Edvin",400,407,427,436,418,449,404,378,387,345
"Edwin",127,165,149,159,125,158,139,152,152,145
"Efe",..,10,13,18,14,16,15,12,..,11
"Egil",13,13,14,13,15,11,14,11,..,19
"Egon",14,12,19,20,19,28,17,15,21,25
"Einar",32,37,46,58,60,74,60,56,72,71
"Eldin",..,..,11,..,10,10,..,..,..,12
"Eliah",..,11,..,..,12,14,17,15,13,13
"Elia ",..,10,..,..,13,18,12,11,22,12
"Elian ",..,..,12,13,17,12,11,13,18,20
"Elias",983,1035,1036,947,994,875,817,753,658,698
"Eliaz",..,10,..,..,17,..,13,..,11,..
"Elijah ",..,..,..,..,..,12,12,18,16,12
"Eli",..,..,..,..,12,17,19,..,29,22
"Elion ",..,..,..,10,12,16,..,16,25,16
"Eliot ",..,..,..,16,15,17,16,..,18,11
"Elis",111,149,156,159,157,175,172,192,178,196
"Ellion",..,..,..,..,..,..,..,..,..,13
"Ellioth ",..,..,11,..,..,..,..,11,..,..
"Elliot",405,441,427,386,400,426,411,402,407,476
"Elliott",39,36,40,33,50,47,54,53,67,63
"Ellis ",..,..,..,..,12,..,..,21,10,20
"Elmer",19,35,50,52,64,71,76,88,69,83
"Elmin",..,..,..,..,..,..,..,11,..,..
"Elof",..,..,10,..,13,13,..,10,12,14
"Elton",37,72,88,111,147,182,182,226,203,229
"Elvin",41,39,51,56,71,106,129,167,164,161
"Elwin",..,..,14,16,15,25,26,34,36,32
"Elvis",48,39,54,68,63,73,69,48,51,40
"Emanuel",75,83,80,84,84,80,66,89,85,64
"Emilian",..,..,..,..,..,..,..,..,..,10
"Emilio",42,68,69,65,77,66,78,98,104,95
"Emil",941,899,836,768,701,727,696,633,565,502
"Emin",16,28,19,13,27,23,25,25,21,34
"Emir",18,20,13,20,30,33,43,47,51,56
"Emmanuel",..,..,..,..,..,11,12,12,..,19
"Emmett",..,..,..,..,..,..,10,10,10,11
"Emre",..,13,11,..,15,23,11,10,15,..
"Emrik",26,31,20,26,21,24,20,22,15,15
"Enar",..,..,..,..,11,..,..,..,10,..
"Enes",11,17,13,16,13,20,18,21,24,26
"Ensar",..,10,..,..,..,..,11,14,10,11
"Enzo",12,19,28,25,24,34,37,29,33,35
"Eren",..,10,..,12,..,13,..,..,10,13
"Eric",193,155,172,159,155,124,134,145,102,66
"Erik",707,717,684,628,570,613,508,463,408,382
"Erion",..,..,..,..,10,17,14,..,..,..
"Erjon",..,10,..,..,..,..,..,..,..,..
"Erland",..,..,..,..,..,..,..,..,10,..
"Ernst ",..,..,..,..,..,12,..,..,..,..
"Eskil",47,37,52,77,61,88,76,66,74,65
"Ethan ",..,..,..,..,15,11,15,..,12,13
"Evan",..,..,..,..,..,10,13,..,..,11
"Evert ",..,..,..,12,..,..,..,..,..,..
"Eyvind",..,..,..,..,..,10,..,..,13,..
"Fabian",198,169,165,189,142,136,159,101,98,74
"Felipe",..,12,..,..,..,..,..,..,..,..
"Felix",488,505,464,423,390,366,315,347,297,288
"Filiph",..,..,..,..,..,..,..,..,..,..
"Filip",744,704,627,549,497,472,423,444,423,367
"Finn ",..,..,..,14,..,12,14,23,21,24
"Florian ",..,..,10,10,..,11,..,15,10,18
"Folke",18,42,34,57,71,63,81,97,103,121
"Francis",..,..,..,..,..,..,..,..,..,10
"Franklin",..,..,..,..,..,..,..,..,10,..
"Frank",30,43,50,73,96,154,182,177,214,232
"Frans",33,70,74,56,68,75,83,88,129,121
"Franz ",..,..,..,15,10,..,10,..,..,..
"Freddie",13,10,..,17,..,..,..,..,12,..
"Freddy",10,..,..,..,..,11,..,..,..,..
"Fred",30,34,36,30,46,56,50,80,70,88
"Fredric",..,..,..,..,..,..,..,..,..,..
"Fredrik",107,103,63,54,38,42,37,33,28,20
"Frej",12,12,13,16,13,15,21,27,30,39
"Frode ",..,..,12,..,14,21,10,..,..,13
"Gabriel",375,353,317,391,399,375,341,322,347,359
"George",16,17,13,17,11,15,..,21,22,17
"Georg",..,..,13,10,..,13,12,19,11,..
"Gideon ",..,..,..,13,10,10,10,11,..,..
"Gillis",..,..,..,..,..,..,11,16,..,16
"Gordon",..,..,..,10,..,..,..,..,..,..
"Gottfrid",15,..,..,..,..,10,13,15,12,15
"Grim ",..,..,12,..,..,14,12,13,20,12
"Gunnar",14,21,21,27,32,33,30,23,55,70
"Gustaf",118,90,110,94,67,84,75,73,57,63
"Gustav",614,579,631,579,527,532,449,462,455,417
"Gusten ",..,..,..,13,10,18,19,21,20,13
"Gösta ",..,..,..,17,17,28,14,25,16,22
"Hadi",19,19,18,20,23,11,19,12,14,..
"Haidar",..,..,..,..,..,..,..,11,..,..
"Hampus",411,426,337,315,288,245,209,208,154,141
"Hamza",19,40,33,34,52,52,50,46,44,64
"Hanad",..,..,..,..,..,..,11,..,..,..
"Hannes",228,248,233,172,165,162,157,139,112,129
"Hans",..,..,..,..,..,..,..,10,..,..
"Harald",35,31,44,39,32,51,30,34,41,37
"Haris",13,14,12,10,..,11,..,12,..,12
"Harley",..,..,..,..,..,..,..,13,12,19
"Harry",48,64,92,125,156,209,246,274,272,379
"Harun",12,..,..,..,11,..,11,..,13,11
"Hasan",..,..,12,10,10,..,..,12,11,11
"Hassan",24,38,35,27,46,34,44,40,36,46
"Hector ",19,13,17,23,24,23,20,31,22,34
"Hektor",12,12,10,11,..,10,15,14,10,17
"Helge ",..,..,..,..,..,10,29,21,14,24
"Helmer",24,11,32,24,32,32,41,48,47,43
"Henning",23,26,20,32,35,42,46,42,41,59
"Henric",..,..,..,..,..,..,..,..,..,..
"Henrik",92,86,72,47,36,40,28,40,26,29
"Henri ",..,..,..,..,..,..,..,10,..,10
"Henry",39,44,63,74,78,110,107,164,169,213
"Herbert",..,..,..,..,..,..,..,..,..,11
"Herman",103,93,109,102,104,95,80,114,59,81
"Hilding",13,11,18,22,19,33,27,31,37,29
"Hilmer ",..,..,..,12,10,12,14,15,15,17
"Hjalmar",85,89,93,125,148,182,159,143,173,164
"Holger",19,28,33,26,34,40,67,54,71,66
"Hubert ",..,..,..,..,..,..,13,10,..,..
"Hugo",945,964,920,885,878,873,863,778,748,696
"Hussein",31,33,30,33,39,36,51,46,43,35
"Håkan",..,..,..,..,..,..,..,..,..,..
"Ian",27,32,39,39,43,57,67,61,64,63
"Ibrahim",46,48,53,67,48,69,72,97,76,89
"Idris",..,..,..,..,..,12,..,..,..,11
"Igor",..,..,12,..,..,12,10,..,11,11
"Ilias",..,11,..,15,11,12,15,11,..,11
"Ilon",..,..,..,..,..,..,10,10,10,..
"Ilyas ",..,..,10,13,13,..,13,28,24,28
"Imran ",..,..,..,..,12,10,10,25,22,34
"Ingemar",..,..,..,..,..,10,15,14,..,..
"Ingmar ",..,..,..,..,..,..,..,14,..,..
"Ingo ",..,..,..,..,..,..,10,..,..,..
"Isaac",58,48,49,45,35,37,33,45,45,35
"Isac",300,256,236,183,146,143,105,106,96,107
"Isak",626,593,520,531,485,494,386,366,349,331
"Isa",..,..,..,..,..,..,..,..,..,12
"Ishak ",..,..,..,..,..,15,17,12,11,15
"Isidor ",10,..,10,10,15,12,14,13,17,14
"Ismael",..,..,..,11,..,..,..,..,..,..
"Ismail",..,20,11,22,19,26,27,20,26,41
"Ivan",47,38,44,47,55,64,35,50,52,64
"Ivar",87,85,95,112,112,129,145,143,195,189
"Izak",..,..,..,..,..,10,..,..,..,..
"Jack",107,182,201,226,232,249,256,310,320,303
"Jackson",..,..,..,..,..,..,..,..,11,10
"Jacob",255,239,264,195,196,200,158,165,161,152
"Jake ",..,..,..,..,..,..,..,12,10,..
"Jakob",221,241,231,197,167,175,138,155,124,107
"Jakub ",..,..,..,..,11,10,14,16,10,16
"Jamal",..,..,..,..,..,..,..,11,10,..
"James",17,31,37,30,33,52,51,48,67,58
"Jamie",21,28,22,28,44,62,51,82,86,114
"Jan",13,13,16,11,17,17,17,24,21,27
"Jason ",12,11,18,13,19,36,30,60,59,73
"Jasper ",..,..,..,..,11,16,12,15,12,15
"Jax",..,..,..,..,..,..,..,..,12,20
"Jayden",..,..,..,..,..,..,18,14,17,28
"Jens",29,25,24,21,..,20,14,11,..,..
"Jeremy",..,..,..,..,..,..,..,..,..,12
"Jerry",..,..,..,..,11,..,..,..,..,..
"Jesper",271,198,181,144,117,96,92,79,58,58
"Jesse ",..,10,..,..,..,..,..,..,11,..
"Jibril",..,..,..,..,..,..,..,..,12,..
"Jim",28,13,10,12,12,13,..,..,..,..
"Jimmie",10,..,..,..,..,..,..,..,..,..
"Jimmy",21,17,18,18,..,19,..,..,..,..
"Joachim",10,..,..,..,..,..,..,..,..,..
"Joacim",..,..,..,..,..,..,..,..,..,..
"Joakim",86,63,64,57,44,25,26,20,20,16
"Joar",50,44,23,34,36,31,39,27,33,30
"Joel",498,457,391,279,288,295,245,214,181,211
"Johan",264,194,158,145,109,112,87,76,76,56
"Johannes",240,163,157,125,123,137,121,116,110,82
"John",149,138,154,147,151,167,162,188,180,183
"Johnny",..,10,..,15,..,10,11,14,11,..
"Jonah ",11,22,23,24,23,23,17,21,24,15
"Jona ",..,..,..,..,10,..,17,10,..,11
"Jonas",90,92,75,64,80,71,67,57,65,51
"Jonatan",134,114,119,97,90,64,59,52,48,36
"Jonathan",541,483,444,373,358,313,317,270,258,212
"Jones",..,..,..,..,10,..,..,10,12,10
"Jon",13,19,18,20,19,21,21,24,32,27
"Jonny",..,..,..,..,..,..,..,..,..,..
"Jordan",34,24,17,13,11,12,..,..,14,22
"Josef",143,110,124,122,142,136,113,99,117,128
"Joseph",16,24,22,15,16,20,22,20,20,25
"Joshua",28,26,32,29,21,26,24,22,32,29
"Julian",45,73,78,101,99,130,118,147,158,164
"Julius",70,85,82,106,103,106,127,129,91,98
"Junior ",..,..,..,..,..,10,..,12,..,13
"Justin",14,..,15,14,15,20,21,18,12,17
"Kaan ",..,..,..,..,..,..,..,11,..,..
"Kacper",..,..,..,..,..,10,..,12,15,15
"Kalle",90,77,74,38,64,51,47,53,52,38
"Karam",..,..,..,..,..,..,..,..,..,10
"Karim",..,..,18,15,12,18,22,18,24,28
"Karl",200,156,164,167,148,116,118,114,102,105
"Kaspar",..,..,..,..,..,..,..,..,..,..
"Kasper",108,98,80,107,97,114,97,88,79,70
"Kaspian",..,..,..,..,..,..,..,..,10,11
"Kelian",..,..,..,..,..,..,..,..,15,..
"Kelvin",10,14,17,14,16,15,14,..,15,16
"Kenan",..,18,14,15,16,17,15,12,18,10
"Kenny",13,14,10,..,..,..,..,..,..,..
"Kerem",..,..,..,..,..,..,..,..,..,10
"Kerim",..,..,..,..,..,..,12,..,11,..
"Kevin",528,481,412,444,423,386,378,332,310,288
"Kewin",15,13,17,..,13,..,11,11,..,..
"Khaled",..,..,..,12,10,10,13,12,..,13
"Khalid",10,15,..,10,10,14,14,24,31,21
"Kian",20,28,33,44,49,60,57,70,89,73
"Kid",..,..,..,..,..,..,12,11,..,12
"Killian",..,..,..,..,..,..,..,..,..,10
"Kimi",10,10,13,14,10,..,..,..,..,..
"Kim",71,43,45,46,32,22,24,14,17,16
"Klas",12,..,10,13,..,..,..,..,19,..
"Knut",18,13,17,44,47,72,58,64,79,85
"Konrad",15,15,30,19,33,25,23,22,27,31
"Konstantinos",..,..,..,..,..,..,..,..,10,..
"Kristian",37,37,26,28,28,22,27,24,28,21
"Kristoffer",51,40,34,35,23,20,13,..,16,..
"Laban",12,..,13,..,..,..,..,..,..,..
"Lars",15,..,13,..,..,..,16,18,13,13
"Lasse",..,..,..,..,..,..,..,..,..,11
"Leandro",..,12,..,11,15,14,15,23,17,20
"Leart",..,..,..,..,..,..,..,11,10,..
"Lee ",..,..,..,..,..,..,10,..,11,..
"Lennon",..,..,12,..,10,11,15,14,23,20
"Lennox",..,..,..,..,17,28,22,35,63,51
"Leo",631,666,658,682,681,757,634,666,613,563
"Leonard",44,50,48,48,47,53,42,63,52,46
"Leonardo",36,28,36,25,40,33,31,29,45,28
"Leonel ",..,..,..,..,14,25,20,29,34,36
"Leonidas ",..,..,..,..,..,..,10,..,10,10
"Leon",236,273,262,301,359,371,358,381,378,395
"León",..,20,..,12,11,..,16,17,..,17
"Léon",27,18,14,23,22,31,38,28,30,25
"Leopold",22,18,19,25,22,24,19,16,19,33
"Levi",13,..,25,44,51,90,108,127,104,108
"Levin ",..,..,..,..,..,..,..,13,..,..
"Levis ",..,..,..,10,14,15,25,18,17,14
"Lewis",..,..,..,..,..,..,..,..,16,..
"Lex ",..,..,..,13,11,..,10,11,12,23
"Lexus",..,..,..,..,..,..,10,17,..,..
"Liam",670,643,745,744,680,782,746,720,706,725
"Lias ",..,12,10,15,14,20,22,21,11,10
"Linus",730,671,544,508,419,393,325,252,235,208
"Lionel",..,..,11,12,15,41,62,61,42,58
"Lion",..,..,11,..,10,21,22,38,43,47
"Loa",..,..,10,10,11,13,14,22,22,39
"Logan",..,..,..,..,..,..,..,..,..,12
"Loke",110,112,153,141,163,179,230,220,258,284
"Lo ",..,..,..,..,12,22,18,18,39,29
"Lorent",..,..,..,..,..,..,..,..,..,10
"Lorenzo",..,..,..,12,..,..,..,..,10,15
"Lorik",..,..,..,..,..,12,15,12,18,19
"Louie ",..,..,..,..,11,23,26,43,65,98
"Loui ",..,..,..,..,15,20,24,53,96,129
"Louis ",..,..,..,..,..,..,10,18,18,27
"Lou",..,..,..,..,..,..,..,..,10,..
"Love",141,161,180,155,219,278,249,247,223,242
"Lowe",41,74,59,43,50,79,67,76,71,77
"Luan",..,..,..,..,..,..,..,..,..,10
"Luca",..,..,14,19,19,11,..,14,14,16
"Lucas",587,607,574,589,611,624,578,506,538,520
"Ludvig",436,403,424,397,390,414,424,388,387,386
"Ludwig",176,211,174,179,165,162,141,174,192,193
"Luka",17,19,24,16,22,26,19,19,11,12
"Lukas",502,556,485,491,491,397,374,391,389,323
"Lukaz ",..,..,..,..,..,..,11,..,..,..
"Luke ",..,..,..,..,10,..,..,11,..,17
"Luqman",..,..,..,..,..,..,..,..,11,11
"Magnus",30,17,17,17,25,18,10,11,..,13
"Mahamed ",..,..,..,..,..,10,10,10,22,23
"Mahdi ",..,15,15,..,..,14,18,19,14,17
"Mahir",..,..,..,..,..,..,..,..,11,..
"Mahmoud",..,..,..,15,..,11,10,17,..,14
"Maksim",..,..,..,..,..,11,..,..,..,..
"Malcolm",23,22,26,26,24,25,19,28,33,32
"Malcom",..,..,..,..,..,11,..,..,10,..
"Malek",..,10,..,..,..,18,16,..,18,17
"Malik",10,20,..,13,19,14,15,24,32,30
"Malte",227,240,330,295,342,318,326,313,350,349
"Manfred",15,24,25,18,29,33,20,23,35,40
"Manne",11,12,12,18,15,28,26,25,17,29
"Manuel",10,..,..,..,..,..,..,..,..,..
"Marcel",..,..,..,13,10,19,17,28,25,33
"Marc",..,..,..,..,..,..,..,10,..,..
"Marco",14,..,11,11,11,..,13,..,..,..
"Marcus",282,209,211,171,131,107,96,77,61,63
"Mario",16,23,20,17,15,15,20,10,24,20
"Marius",20,24,19,23,..,21,13,18,14,16
"Mark",..,..,..,11,10,..,16,..,15,15
"Marko",19,14,10,..,15,10,13,13,14,..
"Markus",127,102,92,92,64,44,43,43,40,43
"Marley ",..,..,..,..,20,15,11,23,21,27
"Marlon",12,10,15,..,18,13,20,18,17,17
"Martin",199,168,159,138,96,104,87,70,78,64
"Marwan",..,..,..,..,..,..,..,..,10,10
"Marvin",10,..,10,12,10,12,..,12,16,12
"Marwin",12,..,..,..,..,..,..,..,10,..
"Mason",..,..,..,..,..,..,..,..,13,23
"Mateo",14,21,12,20,14,24,27,39,26,49
"Matheo",14,14,24,24,25,28,32,40,66,83
"Matheus",10,14,16,10,15,12,10,15,23,16
"Mathias",39,46,35,41,27,25,17,25,18,14
"Mats",..,..,..,..,..,..,..,..,..,..
"Matteo ",17,25,25,32,37,45,46,53,64,63
"Matteus",30,32,39,36,31,30,47,45,37,38
"Matthias",..,..,..,..,..,..,..,..,..,..
"Mattias",118,129,111,99,79,62,53,57,66,50
"Mattis",26,30,29,21,32,37,25,34,25,27
"Mauritz",12,11,..,..,11,..,..,..,..,..
"Maximiliam",10,..,..,..,..,12,..,..,12,..
"Maximilian",92,90,123,163,133,155,142,145,153,152
"Maximillian",..,..,..,10,12,..,13,12,..,10
"Maxim ",..,..,14,..,12,10,11,13,..,..
"Maximus",24,31,23,37,34,22,24,23,22,23
"Max",636,668,553,538,579,524,460,488,396,362
"Mehdi",..,..,..,15,..,..,14,..,..,15
"Mehmet ",..,..,..,13,..,..,..,..,..,..
"Melker",274,310,313,284,311,368,382,350,346,343
"Melvin",445,495,450,459,483,431,365,401,412,337
"Melwin",104,143,127,113,133,127,105,103,142,145
"Mert",..,..,..,..,..,..,..,..,..,11
"Michael",30,38,22,34,32,30,32,31,23,35
"Michel",14,..,..,..,..,..,..,..,..,..
"Miguel",..,..,..,..,..,10,..,..,..,..
"Mikael",55,58,57,46,43,55,53,43,50,46
"Mikail",..,11,11,..,10,18,..,..,12,15
"Mika",..,..,..,10,..,..,..,..,15,10
"Mike",..,..,12,..,..,..,..,..,11,..
"Milad",..,10,..,..,..,..,..,..,..,11
"Milan",12,13,18,23,24,18,19,27,36,44
"Milas",..,..,..,..,..,..,..,..,..,11
"Miliam ",..,..,..,..,..,10,11,22,20,26
"Milian ",..,13,16,25,30,30,49,54,75,80
"Milio ",..,..,..,..,..,..,..,10,..,11
"Mille ",33,40,37,67,78,65,64,67,64,47
"Milo ",34,52,95,144,259,370,300,281,317,264
"Milton",117,112,180,171,169,196,184,180,212,246
"Mingus",..,..,..,..,10,..,..,..,..,..
"Mio",67,78,85,101,141,140,156,153,155,159
"Miran ",..,..,..,..,..,18,13,13,17,19
"Miro ",..,..,..,12,..,..,..,..,..,..
"Mohamad",..,11,10,..,13,10,19,15,..,14
"Mohamed",42,51,46,62,66,67,72,106,125,122
"Mohammad",32,41,33,30,37,40,47,43,42,41
"Mohammed",60,56,63,69,87,83,70,91,85,96
"Moltas",18,27,22,27,..,14,15,26,14,15
"Morgan",37,38,31,22,27,20,22,13,21,13
"Morris",19,35,54,49,45,47,48,48,42,46
"Moses",..,10,12,..,10,10,..,..,11,14
"Mostafa",..,14,..,..,12,..,..,..,..,..
"Muad",..,..,..,..,..,..,..,..,..,13
"Muhamed",..,..,..,13,..,..,..,..,..,..
"Muhammad ",..,16,13,..,13,18,15,20,32,31
"Muhammed",10,..,23,18,13,14,15,18,17,20
"Musab",..,..,..,..,..,..,..,..,13,13
"Musa",..,..,..,..,..,..,10,..,..,..
"Mustafa",26,28,36,41,49,40,43,37,51,31
"Måns",176,254,241,196,162,184,147,104,128,106
"Mårten",16,..,11,..,10,..,..,10,..,..
"Nahom",..,..,..,..,10,..,..,..,..,..
"Natanael",10,10,11,12,12,12,10,12,15,11
"Natan",..,..,..,..,..,..,12,..,..,10
"Nathanael",12,11,..,12,17,10,19,12,12,..
"Nathaniel",..,..,14,11,16,15,18,18,28,25
"Nathan",17,19,20,23,15,21,27,31,38,33
"Nelson ",..,10,10,..,..,15,15,17,26,24
"Nemo",22,23,26,22,21,21,24,18,..,17
"Neo",194,224,259,248,280,304,281,222,182,173
"Nicholas",23,28,23,31,26,25,25,32,30,37
"Nicklas",18,18,12,11,..,12,..,..,..,..
"Nick",16,12,15,..,18,10,17,10,..,12
"Niclas",13,12,10,..,..,..,..,..,..,..
"Nicolai",10,..,..,..,..,..,..,..,10,..
"Nicolas",32,35,29,34,31,42,40,49,32,35
"Nico",..,10,16,18,11,13,19,10,10,15
"Niklas",52,40,52,36,22,33,15,18,20,18
"Nikolai",..,..,..,..,..,..,..,..,11,..
"Nikolaj ",..,11,11,..,..,13,14,12,..,15
"Nikola",21,20,17,21,22,16,22,19,16,13
"Nikolas ",..,..,..,..,..,10,..,17,..,12
"Nilas ",..,..,..,..,18,16,14,12,16,15
"Nilo",..,..,..,..,..,16,16,14,25,18
"Nils",288,308,346,362,391,427,480,467,488,514
"Nima",..,..,..,..,..,..,..,..,..,..
"Nino",10,11,17,10,15,14,10,..,..,..
"Noah",364,441,459,516,418,469,402,455,440,486
"Noak",..,..,..,..,..,..,..,..,..,..
"Noa",64,61,70,62,67,82,47,75,45,80
"Noam",..,..,..,..,11,..,..,..,..,10
"Noel",283,265,360,302,352,410,321,331,281,267
"Nore",..,10,..,10,..,..,..,11,..,17
"Norton ",..,..,12,16,..,11,..,..,..,..
"Odd ",..,..,..,..,..,..,..,10,19,14
"Odin ",..,12,..,11,..,13,10,15,19,19
"Ola",10,18,11,..,..,10,11,..,11,..
"Oliver",653,601,649,669,684,725,669,596,708,637
"Oliwer",63,77,74,73,76,67,70,82,76,100
"Olivier ",..,..,..,..,..,..,10,..,10,..
"Olle",395,432,447,421,434,464,602,588,578,458
"Olliver",..,..,..,..,..,..,..,..,..,..
"Olof",77,75,84,72,87,70,83,52,66,92
"Olov",..,..,..,..,..,..,..,10,..,..
"Omar",37,49,59,57,49,61,60,67,91,101
"Omer",..,..,..,..,..,..,..,..,11,10
"Oscar",633,636,578,584,613,669,547,570,545,482
"Oskar",523,521,418,478,396,437,408,346,355,322
"Osman",..,..,..,11,..,14,..,10,..,12
"Ossian",48,47,85,63,81,104,84,88,88,92
"Otis ",..,..,10,18,26,27,33,45,36,67
"Otto",115,116,129,152,149,144,141,170,145,185
"Owen",..,..,..,..,..,..,10,..,..,..
"Ozzy ",..,..,..,..,15,12,16,11,12,..
"Pascal",..,..,..,..,..,..,..,12,..,..
"Patrick",10,..,12,14,..,10,..,..,..,..
"Patric",..,..,..,..,..,..,..,..,..,..
"Patrik",42,29,28,25,20,20,16,15,16,16
"Paul",11,10,19,16,14,15,12,13,15,18
"Pelle",44,50,50,46,49,63,68,57,60,61
"Per",24,21,23,15,25,15,21,10,11,14
"Peter",24,23,33,21,20,19,14,14,14,18
"Petrus",..,..,..,..,..,..,..,..,..,..
"Petter",55,46,47,46,46,38,38,33,32,28
"Philip",265,271,229,226,204,205,183,223,220,184
"Pierre",12,..,..,..,..,..,..,..,..,..
"Pontus",214,201,166,133,112,104,110,95,71,67
"Pär",..,..,..,..,..,..,..,..,..,..
"Rafael",12,25,19,19,20,33,28,33,18,33
"Ragnar",..,..,15,11,12,13,..,..,13,26
"Ralf ",..,..,..,..,..,12,23,21,42,37
"Ralph ",..,..,..,..,..,..,..,12,15,18
"Ramadan",..,..,..,10,..,..,..,..,..,..
"Raman",..,..,..,10,..,..,..,..,..,..
"Rami",15,13,13,16,16,17,25,18,12,16
"Rasmus",532,476,422,404,415,398,347,285,239,221
"Rayan ",13,12,19,26,28,39,35,50,52,56
"Razmus",..,..,..,..,..,..,..,..,..,..
"Rex",..,..,..,..,..,..,..,..,11,..
"Richard",21,24,12,11,12,..,..,11,13,..
"Rickard",30,29,23,16,15,16,15,..,..,..
"Ricky",..,..,..,..,..,..,..,..,..,..
"Ridwan",..,..,10,..,..,..,..,10,12,..
"Rikard",15,11,..,..,..,..,..,..,..,..
"Rio ",..,..,..,14,..,16,14,20,20,27
"River ",..,..,..,14,10,..,13,14,13,12
"Robert",30,26,29,18,13,17,12,13,15,26
"Roberto",..,..,..,..,..,..,..,..,..,..
"Robin",328,306,249,212,195,184,166,131,91,89
"Roger",..,..,..,..,..,..,..,..,..,..
"Roman",..,..,10,..,..,..,..,..,..,..
"Romeo",26,29,30,24,10,21,20,21,18,18
"Roni",..,12,10,..,11,..,..,12,..,..
"Roy ",..,..,..,..,..,..,11,..,12,12
"Ruben",58,71,83,89,118,106,80,104,90,73
"Rufus",12,..,16,36,36,28,21,30,26,19
"Rune",..,..,..,..,..,..,..,..,..,12
"Ryan",13,12,27,25,16,28,28,28,26,26
"Said ",..,..,11,..,..,..,10,12,15,13
"Saif",..,..,..,..,..,..,..,..,11,13
"Sakarias",..,14,..,..,..,..,13,..,10,..
"Salman ",..,..,..,..,10,..,10,..,27,27
"Sami",22,15,29,25,22,39,25,35,33,41
"Samir",..,..,21,10,22,18,15,18,28,19
"Sam",81,101,94,135,139,157,190,194,223,233
"Sammy",..,11,..,..,..,..,10,..,..,15
"Samuel",361,382,323,301,280,243,252,260,248,222
"Sander",14,25,21,25,35,34,20,34,28,39
"Santino ",..,..,..,..,..,..,15,10,..,..
"Scott ",..,14,..,14,19,10,14,17,20,11
"Sean",10,25,18,17,14,12,..,10,..,..
"Sebastian",418,453,414,358,343,322,283,251,243,234
"Seth",16,11,24,16,22,31,18,31,59,36
"Shayan",..,..,..,..,..,..,..,..,..,..
"Sid ",..,..,15,14,14,20,11,16,13,17
"Sigge",48,69,114,175,199,183,177,192,226,267
"Sigurd",..,..,..,..,..,10,..,..,..,..
"Sigvard",..,..,12,11,12,..,..,16,10,16
"Silas ",..,..,..,16,47,42,40,36,34,29
"Simon",774,713,587,582,463,448,392,337,330,239
"Sixten",129,165,175,258,322,325,366,427,405,469
"Sonny",..,..,..,11,..,16,..,..,..,..
"Stefan",27,26,30,28,19,26,23,21,23,34
"Stellan ",..,..,..,..,11,..,12,24,23,29
"Sten ",..,..,..,..,10,..,..,..,..,..
"Steven ",..,..,..,..,..,10,..,..,..,..
"Stig ",..,..,11,..,..,14,16,15,22,11
"Sture ",..,..,..,..,20,11,12,14,13,14
"Sune",..,..,..,..,11,10,11,16,16,19
"Svante",86,113,126,138,136,152,141,163,157,142
"Sven",14,32,20,19,29,16,33,48,32,36
"Sylvester",..,..,..,..,..,..,..,..,..,10
"Tage",38,56,70,88,115,123,151,139,189,205
"Taha",..,..,..,..,..,..,..,..,..,13
"Taim",..,..,..,..,..,..,..,..,11,12
"Tarik",23,17,27,12,..,..,..,14,..,..
"Teddy",16,15,..,10,11,..,..,..,..,12
"Ted",61,49,55,59,66,80,83,78,131,98
"Teodor",77,70,76,59,71,82,67,77,76,76
"Teo",74,76,80,86,77,85,71,77,59,45
"Texas",11,22,32,16,27,45,38,40,30,35
"Theodore",16,22,32,34,51,55,37,42,68,86
"Theodor",209,197,231,240,269,334,284,252,309,328
"Theo",320,416,451,456,593,714,491,490,444,452
"Thiago ",..,..,..,..,..,..,..,13,21,23
"Thim",11,12,..,..,..,10,..,..,..,..
"Thomas",14,18,30,20,22,17,11,15,15,17
"Thor",15,27,21,23,38,39,47,73,75,85
"Thure ",..,..,..,10,..,..,..,..,11,..
"Tiam ",..,..,..,..,..,..,11,..,..,..
"Tiger",..,10,..,..,..,10,..,..,..,..
"Tim",317,299,254,223,214,221,162,144,142,119
"Timmie",..,..,..,..,..,..,..,..,..,..
"Timmy",27,25,14,18,17,20,14,14,19,12
"Timo ",..,..,..,..,10,11,..,..,..,13
"Timothy",21,19,23,19,27,19,15,23,23,13
"Tino ",..,..,..,..,..,16,11,11,10,15
"Tintin",..,..,..,..,12,..,..,..,..,..
"Titus ",..,..,..,..,10,12,..,..,..,10
"Tobias",145,145,102,81,48,55,31,31,26,19
"Todd ",..,..,..,..,..,..,..,15,..,12
"Tomas",16,15,15,11,12,13,15,11,16,12
"Tom",46,59,46,49,53,52,46,48,42,52
"Tommy",..,14,13,17,12,..,..,..,..,..
"Tony",14,13,16,..,..,11,..,..,..,..
"Tore ",17,24,40,20,26,34,36,28,34,60
"Tor",36,52,49,65,43,50,59,55,71,55
"Torsten ",..,..,..,..,..,..,..,11,11,18
"Totte ",10,10,..,..,10,..,..,..,..,..
"Travis ",..,..,..,..,..,..,11,..,..,..
"Tristan",45,46,69,62,84,78,73,57,57,73
"Troy ",10,..,17,26,32,30,34,24,24,20
"Truls",17,25,28,29,19,23,15,24,21,21
"Ture",54,62,73,72,89,124,104,103,119,122
"Tyler ",..,..,..,..,..,..,..,10,..,..
"Tyr ",..,..,..,..,10,..,11,..,14,15
"Uno ",12,..,..,..,16,17,15,23,13,18
"Valdemar",48,40,58,68,70,66,65,61,64,70
"Waldemar ",..,10,12,15,14,17,15,15,15,20
"Valentin",23,21,18,27,17,26,29,27,34,35
"Valentino",10,12,..,15,14,15,17,15,15,13
"Walid ",10,..,..,..,..,..,..,..,..,10
"Valle ",..,..,15,..,10,13,18,14,10,12
"Valter",65,78,92,133,126,169,169,221,213,256
"Walter",36,50,53,64,83,99,107,132,160,192
"Walther",..,..,..,..,..,..,..,..,10,..
"Victor",323,354,330,300,292,286,276,253,265,231
"Wictor",15,13,..,..,..,11,11,10,13,..
"Vidar",97,113,149,155,168,178,192,201,242,242
"Widar",..,..,..,..,..,..,..,..,11,..
"Vide",20,25,58,59,63,85,88,99,111,107
"Viggo",327,433,408,443,479,441,399,343,345,291
"Wiggo",38,59,50,59,61,58,54,51,45,39
"Vigor ",13,11,16,..,..,..,..,..,..,..
"Viking",17,19,..,24,13,16,18,17,12,12
"Viktor",549,556,536,425,414,424,427,388,342,308
"Wiktor",22,23,16,20,17,19,15,15,18,15
"Vilde ",10,..,13,12,12,21,47,37,24,32
"Wilde ",..,..,..,..,..,..,30,17,17,11
"Wilfred",..,..,..,..,..,..,..,..,..,10
"Vilgot",141,161,170,163,171,180,162,177,160,160
"Wilgot",33,25,36,32,25,37,29,34,39,33
"Vilhelm",71,82,57,72,76,86,76,102,94,75
"Wilhelm",116,113,128,125,141,124,146,136,110,127
"Ville",157,162,137,196,193,206,231,159,151,139
"Wille",99,112,125,117,133,137,127,101,113,110
"Villiam",13,..,15,..,12,..,11,16,..,11
"William",1115,1092,1138,963,989,1018,1017,893,896,830
"Willy",..,10,..,12,..,14,..,10,..,..
"Vilmer",82,125,200,184,208,186,196,176,154,136
"Wilmer",204,197,274,259,299,269,262,241,225,189
"Vilton ",..,..,..,..,..,..,13,15,..,16
"Wilton",..,..,12,29,23,27,38,43,54,66
"Vince ",..,..,..,10,11,14,15,19,23,25
"Vincent",219,305,344,463,519,573,582,632,607,614
"Wincent ",..,13,11,13,17,16,22,24,21,21
"Vinston ",..,..,..,..,..,13,..,..,13,10
"Winston",..,11,22,15,25,30,30,41,53,49
"Xander ",18,10,..,..,13,12,..,18,13,18
"Yahya",..,..,..,10,13,22,14,26,25,25
"Yahye",..,..,..,..,..,..,..,..,14,..
"Yasin",10,16,17,18,18,29,25,19,25,27
"Yasir ",..,..,..,..,10,10,11,11,..,11
"Yassin",..,..,..,..,10,..,12,21,11,12
"Yazan",..,..,..,..,..,..,..,..,..,11
"Yones",..,..,..,..,..,..,..,..,10,..
"Yonis",..,..,..,..,..,..,..,..,..,..
"Yosef",10,19,25,37,33,47,33,33,35,42
"Younes",..,..,..,..,15,..,..,21,16,10
"Yousef",19,11,17,35,29,28,34,50,51,42
"Yousif",..,..,..,..,17,16,17,18,10,11
"Youssef",..,..,10,..,..,12,15,11,13,21
"Yunus",..,..,11,..,..,..,..,..,..,10
"Yusuf",16,13,32,24,23,31,41,50,47,67
"Zacharias",36,29,20,29,33,42,26,33,23,29
"Zackarias",39,25,25,22,31,30,44,26,37,26
"Zack",34,35,34,29,31,39,24,33,19,29
"Zaid",..,..,..,..,..,..,..,..,12,10
"Zain",..,..,..,..,..,..,..,..,..,10
"Zakaria",15,18,25,19,27,20,30,35,30,51
"Zakarias",12,20,12,15,..,..,12,13,18,18
"Zakariya",..,..,..,..,..,..,10,..,11,14
"Zakk ",..,..,..,..,..,10,..,..,..,..
"Zander ",..,..,13,11,13,13,16,10,19,..
"Zebastian",21,18,15,14,13,..,..,..,..,..
"Zeb",16,22,19,23,15,19,11,16,10,12
"Zeke ",11,..,13,17,..,19,15,11,17,21
"Zion ",..,16,23,18,16,19,14,11,15,16
"Åke",17,19,14,22,13,24,24,24,26,36
"Ömer ",..,..,..,..,12,..,..,..,..,..
"Aaliyah",..,..,..,..,..,..,..,17,14,..
"Abigail ",..,..,..,10,..,13,15,18,13,17
"Ada",14,14,12,14,21,25,22,23,24,29
"Adela",..,12,13,..,..,13,..,15,10,..
"Adele ",..,..,..,10,..,..,14,44,54,89
"Adéle",..,..,..,..,..,..,..,..,..,11
"Adèle ",..,..,..,..,..,..,10,..,..,..
"Adelia",..,..,..,..,..,..,..,..,11,15
"Adelina",..,..,..,..,10,..,13,12,..,20
"Adeline",..,..,..,..,..,..,..,..,..,11
"Adelle",..,..,..,..,..,..,..,..,11,17
"Adina",23,24,27,12,23,15,..,19,10,12
"Adna",12,..,..,..,..,..,..,..,12,14
"Adriana",12,..,15,19,23,20,19,23,29,29
"Agnes",476,921,618,580,575,586,570,570,581,668
"Ahlam",..,..,..,..,..,..,..,..,..,12
"Aicha",..,..,..,..,..,10,..,..,..,..
"Aida",14,13,11,12,11,13,14,13,18,12
"Aina",12,15,13,12,14,10,11,..,12,15
"Aisha",33,26,26,52,44,43,54,68,80,80
"Ajla",27,26,26,19,16,19,22,17,27,24
"Alba",19,23,15,28,32,25,33,33,33,52
"Albina",..,..,..,..,..,..,..,..,..,..
"Alde",..,..,..,..,..,..,..,..,10,11
"Alea",..,..,..,..,..,13,12,20,18,12
"Aleksandra",..,..,10,..,..,10,..,10,..,..
"Alessia ",..,..,..,..,..,..,11,..,12,14
"Alexandra",186,159,138,120,118,115,106,96,101,89
"Alexia",11,..,15,15,23,24,25,32,42,36
"Alexis ",..,..,..,..,..,16,12,..,..,11
"Alexsandra",..,..,..,..,..,..,..,..,..,..
"Aleyna ",..,12,..,15,..,..,..,..,..,..
"Alia ",..,..,..,..,..,..,..,13,10,..
"Alice",886,799,779,747,953,844,966,919,879,778
"Alicia",360,367,358,433,437,435,404,512,602,518
"Alicja",..,..,..,..,..,..,..,..,..,11
"Alida ",..,..,..,..,..,10,..,..,..,..
"Alina",42,46,34,46,53,58,58,57,82,90
"Aline",..,..,..,10,15,11,..,..,11,17
"Alin",..,..,..,..,..,..,..,..,..,10
"Alisa ",14,14,18,13,14,24,20,26,29,29
"Alisha ",..,..,..,..,..,..,..,10,..,14
"Alissa ",..,..,13,..,16,17,24,25,27,33
"Aliyah",..,..,..,..,..,..,..,..,..,10
"Aliya ",..,..,..,..,..,..,..,11,..,17
"Allie ",..,..,..,..,12,..,12,14,24,19
"Allis",19,18,24,14,19,16,12,12,13,13
"Ally ",..,..,..,14,12,11,22,17,23,27
"Alma",423,415,452,441,484,506,458,410,447,532
"Althea",..,..,..,..,..,..,..,..,..,11
"Alva",844,895,753,701,754,699,592,569,590,509
"Alwa",17,21,27,21,16,12,26,26,17,25
"Alvina",14,14,19,17,15,18,20,18,12,18
"Alyssa",..,..,..,12,..,11,..,11,11,14
"Amalia",19,14,19,13,14,22,24,12,21,22
"Amal",..,..,..,10,..,..,..,..,..,14
"Amanda",667,549,598,597,538,474,431,374,353,323
"Amber",13,..,..,..,..,11,..,12,..,..
"Amela",..,..,..,..,..,..,..,..,..,..
"Amelia",115,149,101,69,78,84,99,87,105,135
"Amelie",56,57,42,45,49,54,52,54,64,61
"Amélie ",11,..,11,..,11,11,14,17,12,29
"Amie ",..,..,10,10,..,..,..,..,12,..
"Amilia",20,16,16,18,13,23,21,28,22,22
"Amina",32,56,49,44,61,68,60,56,84,59
"Amira",14,14,23,17,16,29,30,45,42,57
"Amna",..,..,..,..,..,..,11,..,..,..
"Amy",26,28,28,20,29,19,28,29,20,30
"AnaBelle",..,..,..,..,..,..,..,..,..,10
"Ana",..,..,..,12,..,10,..,..,..,..
"Anastasia",19,22,13,24,13,13,21,29,27,26
"Anastasija",10,..,..,..,..,..,..,..,10,..
"Andrea",60,51,55,49,35,34,46,42,23,32
"Andréa",12,..,..,..,..,..,..,..,..,..
"Angela",..,19,..,20,17,21,18,23,14,19
"Angelica",45,40,43,37,30,30,19,25,11,15
"Angelika",..,11,..,..,..,..,..,..,..,..
"Angelina",99,149,111,112,106,104,86,105,70,65
"Anisa",..,..,11,11,16,17,16,16,14,12
"Anita",..,13,..,..,..,11,..,..,11,..
"Anja",25,29,33,22,28,23,19,..,14,16
"Annabelle ",..,..,..,..,..,11,..,17,15,12
"Anna",294,293,246,177,168,162,152,136,127,121
"Annie",128,109,119,115,104,128,117,124,99,96
"Anni",..,..,11,13,..,..,16,11,14,11
"Annika",13,16,11,..,..,12,13,..,..,12
"Antonia",23,30,26,23,16,21,22,21,16,19
"Anya ",..,..,..,..,10,..,..,..,..,..
"Aprilia ",13,11,..,11,..,10,..,..,..,..
"Aria",..,..,..,..,..,..,..,..,..,10
"Ariana ",..,..,..,..,..,14,..,14,18,14
"Ariel",..,..,..,..,..,..,..,..,11,..
"Arina",..,..,..,..,..,..,..,..,..,10
"Arsam",..,..,..,..,..,..,..,..,..,..
"Arwen ",..,..,11,..,14,..,10,..,14,..
"Asia",..,..,..,..,..,..,..,..,10,..
"Asiya",..,..,..,..,..,..,..,..,12,..
"Asma ",..,..,..,..,..,..,12,..,13,17
"Asta",12,15,13,12,23,17,13,24,19,30
"Astrid",169,242,262,306,395,441,418,459,439,454
"Athena",..,..,10,..,10,..,..,10,10,12
"Aurora",24,27,25,26,28,35,29,47,46,58
"Ava",..,19,26,26,25,35,30,38,54,53
"Awa ",..,..,..,..,10,..,..,..,..,..
"Avin",..,..,..,..,..,10,..,..,..,..
"Aya",18,30,24,29,39,32,38,35,37,33
"Ayla",13,14,13,10,20,16,16,18,28,37
"Aylin",..,11,17,14,26,18,19,23,34,61
"Azra ",..,..,..,10,..,..,11,10,12,12
"Bea",16,10,15,10,14,..,..,..,..,..
"Beata",18,17,15,26,14,20,21,12,13,..
"Beatrice",36,39,37,48,37,33,35,25,36,26
"Belinda",14,..,..,..,..,..,..,..,..,..
"Bella",51,61,63,65,59,86,92,93,96,92
"Belle",..,..,..,..,11,14,18,15,30,53
"Benin ",..,..,..,..,..,10,..,..,..,..
"Berfin",..,..,..,12,..,..,..,..,..,..
"Betty",10,11,12,12,30,29,31,33,44,34
"Bianca",76,90,85,85,91,98,108,109,92,117
"Bibbi",..,..,..,..,..,..,..,..,..,10
"Billie",..,..,..,..,..,10,19,17,34,28
"Blanka",..,..,..,..,..,11,10,..,..,10
"Blenda",19,12,11,..,..,..,..,..,..,..
"Bodil",..,..,..,..,..,..,14,12,18,11
"Bonnie",..,..,..,..,28,32,49,53,54,47
"Britta",..,12,10,..,..,10,..,18,14,13
"Caisa",..,..,..,..,..,..,..,..,..,..
"Cajsa",43,42,26,29,35,29,22,22,13,16
"Camilla",16,15,11,13,14,..,10,..,..,10
"Carla",12,24,15,13,17,16,17,20,21,25
"Carmen",10,..,11,..,..,13,10,..,..,12
"Carolina",34,40,23,27,21,24,14,14,10,13
"Caroline",43,36,41,27,20,30,15,17,12,13
"Carolin",..,..,..,..,..,..,..,..,..,..
"Casandra",..,..,..,..,..,..,..,..,..,..
"Cassandra",64,73,69,64,46,63,48,41,45,28
"Cataleya",..,..,..,..,..,..,..,..,..,16
"Cecilia",58,79,66,60,55,48,45,44,48,45
"Celia",..,..,11,..,..,13,..,16,13,..
"Celina",21,21,22,20,16,18,25,31,36,34
"Celine",36,42,37,40,56,62,68,70,66,102
"Céline",..,..,..,..,..,11,..,21,28,41
"Chanel",12,12,13,..,..,19,21,23,22,21
"Chanelle",10,..,11,..,21,10,..,14,..,17
"Charlie",..,..,..,..,13,29,34,51,62,67
"Charlotta",..,..,..,..,..,..,..,..,..,..
"Charlotte",14,12,12,..,14,14,13,10,11,10
"Chelsea",..,..,..,..,13,..,..,16,11,18
"Chloe",..,..,..,16,10,16,24,21,13,23
"Chloé",..,..,..,..,13,19,13,26,33,22
"Christina",11,18,17,17,14,15,18,13,..,..
"Christine",..,..,..,..,..,..,..,..,..,..
"Cindy",..,..,12,12,13,16,13,11,12,10
"Clara",330,327,302,302,236,253,245,232,265,278
"Claudia",19,17,18,13,15,21,20,16,14,18
"Cleo",..,..,..,..,17,15,11,17,23,25
"Corinne",..,..,..,..,..,..,..,11,..,..
"Cornelia",280,262,214,225,234,191,195,180,220,210
"Dagny",..,..,..,..,..,..,..,18,18,13
"Dahlia",..,..,..,..,13,12,10,18,18,24
"Daisy",..,..,10,17,20,14,11,14,27,24
"Dalia",14,..,11,11,10,24,18,18,19,27
"Dana",..,..,14,12,11,12,11,11,..,11
"Dania",13,..,16,19,17,11,22,18,..,17
"Daniela",21,25,17,16,17,13,10,12,..,14
"Daniella",53,49,46,30,37,38,35,31,29,29
"Daria",..,..,..,..,..,..,..,16,..,..
"Dea",..,..,..,..,..,..,..,..,..,11
"Deborah",..,..,..,..,..,..,..,..,..,..
"Delina",..,..,..,..,..,..,..,..,..,18
"Denice",12,..,..,..,..,..,..,..,..,..
"Denise",37,27,42,25,21,22,21,28,23,22
"Denize",10,..,..,..,..,..,..,..,..,..
"Desirée",11,..,11,..,12,..,..,..,11,10
"Destiny",..,..,..,..,..,14,..,11,..,..
"Diana",57,33,51,53,62,42,56,54,43,52
"Dilan",..,..,..,..,..,..,..,..,..,..
"Dilara",10,15,11,..,..,12,..,..,..,..
"Dima",..,..,..,..,15,..,10,..,10,..
"Dina",25,24,21,24,12,24,11,16,11,14
"Disa",38,46,43,36,38,48,33,40,24,33
"Dixie",..,..,..,..,..,..,..,..,..,10
"Donia",..,..,..,..,..,..,..,..,..,..
"Donya",..,..,..,10,..,..,..,10,..,..
"Doris",13,19,25,38,56,52,78,60,69,91
"Ebba",773,705,757,624,655,660,683,653,663,603
"Eda",..,..,..,10,..,11,..,..,..,..
"Edda ",..,..,..,..,..,12,..,17,33,73
"Eden ",..,..,..,11,10,13,..,12,12,..
"Edessa ",..,..,..,..,..,..,10,10,..,..
"Edith",44,71,117,127,165,206,194,246,243,231
"Edit",37,35,35,40,46,42,54,36,34,46
"Eija",..,..,..,..,..,..,..,..,..,12
"Eila",..,..,..,12,13,15,12,17,11,15
"Eira",14,21,22,51,47,44,53,58,54,59
"Ela ",..,..,11,22,13,14,18,16,10,22
"Eldana",..,..,..,..,..,..,..,..,11,..
"Eleanor ",..,..,..,..,..,13,10,11,13,17
"Elena",21,18,19,18,22,28,25,30,34,33
"Eleonora",21,19,10,14,16,23,28,29,23,32
"Eleonor ",..,..,..,..,..,11,..,..,..,..
"Eliana ",..,..,..,11,..,11,12,12,22,17
"Elice",..,..,..,..,..,..,..,..,..,10
"Elicia ",12,20,17,23,24,21,20,28,28,41
"Elif",..,..,23,12,17,..,13,15,32,36
"Elina",217,199,182,166,164,160,164,151,161,139
"Eline",..,..,..,..,..,..,12,..,15,..
"Elin",869,758,741,623,566,563,498,374,351,313
"Elinor",..,15,..,..,..,..,10,..,10,..
"Elisabeth",22,25,25,28,25,26,26,36,32,33
"Elisabet",..,..,..,..,..,..,..,..,..,..
"Elisa",31,35,34,32,35,43,43,60,50,73
"Elise",90,97,92,108,153,146,160,212,229,303
"Elisia ",..,..,..,10,10,11,14,19,17,20
"Elissa ",11,..,14,18,..,14,15,20,18,21
"Elizabeth",..,..,..,..,12,..,20,10,11,12
"Eliza",11,11,16,14,13,21,23,21,16,35
"Elize",..,..,..,..,..,..,10,..,13,14
"Ella",801,759,845,773,796,720,693,664,688,552
"Elle",13,10,13,..,17,21,30,28,26,32
"Ellen",498,506,523,477,492,544,502,517,498,515
"Ellie",38,50,74,98,132,240,276,305,298,362
"Elli",..,14,18,18,18,27,26,32,35,42
"Ellinore",..,..,..,..,..,..,..,11,13,15
"Ellinor",65,84,56,64,66,71,72,61,74,80
"Elly",16,18,16,30,38,57,34,39,39,58
"Elma",51,60,64,68,66,83,76,57,61,57
"Elmedina",..,..,..,..,..,10,..,..,..,..
"Elna",11,19,35,29,28,25,38,34,31,32
"Elona",..,..,..,..,..,..,..,10,..,..
"Elsa",602,624,722,772,768,719,716,750,762,841
"Elsie ",..,..,11,..,18,32,35,56,62,81
"Elva ",..,..,..,..,..,..,10,..,..,..
"Elvina ",..,14,12,..,17,13,21,..,..,12
"Elvira",237,256,336,364,349,399,350,325,322,375
"Elwira",..,12,14,11,14,12,16,20,18,22
"Ema",..,..,..,..,10,10,..,10,..,..
"Embla",51,71,75,67,71,57,50,48,34,39
"Emelia",..,14,10,11,..,14,..,10,..,..
"Emelie",343,327,274,262,245,194,171,160,133,136
"Emeli",10,..,10,..,..,..,..,..,..,..
"Emely",..,..,..,..,..,..,..,..,..,..
"Emilia",553,630,580,520,542,517,499,471,478,419
"Emilie",17,19,18,19,14,..,15,14,..,12
"Emilija",..,..,..,..,11,..,10,..,..,14
"Emily",43,43,44,47,49,41,46,51,51,60
"Emina",18,14,29,30,16,15,20,15,19,13
"Emma",1103,1014,831,818,787,712,635,619,559,448
"Emmelie",10,..,..,..,..,..,..,..,..,..
"Emmie",69,57,62,64,58,68,61,43,34,46
"Emmi",11,21,22,17,16,19,25,16,18,21
"Emmy",144,131,124,118,119,116,105,102,99,106
"Emy",11,17,..,..,..,..,..,11,10,..
"Engla",147,209,224,169,44,40,51,37,26,16
"Enja",..,..,..,..,..,..,..,11,..,12
"Enna",..,..,..,..,..,..,..,..,..,12
"Enya",25,28,42,43,63,84,62,50,62,78
"Erica",29,31,22,20,16,..,..,..,..,..
"Erika",45,29,25,31,31,21,20,10,24,13
"Erina ",..,..,..,..,..,11,10,12,..,..
"Erna",..,10,10,..,..,..,..,..,..,..
"Erza",..,..,19,..,..,..,..,..,..,..
"Esma ",..,..,..,18,11,..,12,12,16,12
"Esmeralda",10,22,38,30,36,28,36,31,34,26
"Esra",..,..,..,..,..,..,..,..,..,..
"Estelle",39,39,33,41,38,53,64,55,33,45
"Ester",142,152,193,198,241,236,223,249,258,241
"Esther",68,79,84,77,87,102,121,130,141,141
"Estrid ",..,..,12,15,17,18,18,28,32,38
"Ethel",..,..,..,..,..,..,..,..,12,..
"Eva",14,23,22,28,36,24,26,31,36,37
"Evangeline",..,..,..,..,..,..,..,..,..,11
"Evelina",211,210,174,192,176,191,151,117,110,106
"Eveline",..,10,..,..,..,..,..,11,11,..
"Evelin",..,..,..,12,..,12,..,11,16,..
"Evelyn",15,11,11,17,23,28,17,30,31,31
"Evin",..,..,10,..,..,11,..,11,10,13
"Evy",..,..,..,..,..,..,..,..,..,15
"Faiza",..,..,..,..,..,..,..,..,..,11
"Fannie",..,..,..,..,..,..,..,..,..,..
"Fanny",208,177,165,144,130,116,119,96,83,74
"Farah ",..,..,..,..,..,..,..,11,..,..
"Fatima",43,44,45,45,64,72,57,73,68,55
"Fatma",13,10,13,10,16,15,15,14,17,20
"Felicia",531,518,658,452,431,399,372,342,345,346
"Felizia",..,15,10,12,12,11,..,..,..,..
"Fia",..,13,12,..,..,10,..,..,..,..
"Fideli",..,..,..,..,..,..,..,..,..,..
"Filippa",526,448,427,339,305,252,259,215,196,171
"Fiona",21,14,14,21,13,16,17,19,27,27
"Flora",14,25,31,25,32,41,19,41,53,40
"Florence",..,..,..,..,..,..,..,..,12,14
"Franka ",..,..,..,..,..,..,11,..,..,..
"Fredrica",..,..,..,..,..,..,..,..,..,..
"Fredrika",17,22,17,12,12,17,10,19,14,11
"Freija ",..,..,..,..,..,..,10,..,10,11
"Freja",128,254,297,306,271,332,447,418,464,453
"Freya ",..,13,19,32,28,39,34,63,61,66
"Freyja ",..,..,..,..,..,..,11,10,..,..
"Frida",406,320,293,219,199,163,146,128,101,113
"Gabriela ",13,10,12,..,20,10,16,12,..,12
"Gabriella",89,87,79,78,85,70,70,64,58,58
"Gabrielle",..,..,..,..,..,..,..,..,12,..
"Gerda ",..,..,..,..,..,..,10,..,..,..
"Gina",..,..,13,..,..,..,..,..,..,..
"Gloria",..,..,..,..,..,26,18,17,18,19
"Grace",..,11,12,10,11,..,12,15,18,10
"Greta",88,82,77,95,130,158,137,150,174,181
"Gry",15,17,20,29,31,30,39,55,42,40
"Hafsa ",..,..,..,..,..,11,..,20,12,17
"Hailey ",..,..,13,..,16,19,33,48,70,60
"Hailie ",..,..,..,..,..,..,12,..,..,14
"Haley ",..,..,11,..,..,18,14,20,14,20
"Halima",..,..,..,..,..,..,..,..,12,..
"Hana",17,13,..,25,27,21,22,26,20,20
"Hanan",..,..,..,..,..,16,11,..,11,11
"Hani",..,..,..,..,..,..,..,..,11,..
"Hanin ",10,..,..,..,..,..,..,..,..,..
"Hannah",138,149,101,104,89,77,65,74,58,55
"Hanna",659,556,463,408,355,308,259,217,203,174
"Harriet ",..,10,..,14,10,21,23,39,35,24
"Havanna ",15,..,17,16,22,27,21,18,18,11
"Havin",21,..,11,..,..,..,..,..,12,..
"Haylie",..,..,..,..,..,..,13,17,16,24
"Hedda",127,93,106,135,130,150,136,133,159,139
"Hedvig",61,57,93,108,109,121,125,127,106,103
"Hedwig ",..,..,..,..,..,..,..,13,..,..
"Heidi",12,13,14,18,14,21,25,18,28,21
"Helena",20,20,23,24,29,28,32,24,28,32
"Helen",..,..,..,..,..,..,11,..,11,10
"Helga ",..,..,..,..,11,..,..,10,..,14
"Helin",19,18,22,24,19,26,17,18,24,22
"Henny",..,..,..,13,11,13,..,15,13,15
"Henrietta",..,..,..,..,..,..,..,..,..,..
"Hiba",13,10,10,..,11,12,..,11,13,14
"Hilda",149,189,186,169,160,176,153,159,174,172
"Hilde ",..,..,..,..,..,..,..,13,..,16
"Hillevi",11,18,24,22,17,29,30,27,32,34
"Hilma",80,89,95,83,100,114,126,111,146,154
"Hoda",..,..,..,..,..,..,..,..,..,..
"Hollie ",..,..,..,..,..,..,..,12,12,23
"Holly ",..,12,15,27,32,33,51,40,57,64
"Huda ",..,..,..,..,..,..,15,10,..,12
"Hulda ",..,..,..,..,10,..,..,..,11,..
"Ibtisam",..,..,..,..,..,..,..,..,10,13
"Ida",904,849,763,639,574,575,457,452,367,321
"Idun",24,36,31,29,37,63,53,74,92,85
"Ilma",..,..,11,..,..,..,..,..,..,..
"Ilona",..,..,..,..,..,..,12,10,..,..
"Ilse",..,..,..,..,..,13,..,..,16,57
"Iman",12,14,17,22,14,16,20,23,22,16
"Ina",26,21,27,26,21,20,19,11,..,12
"Indra",30,31,30,31,21,22,17,14,10,..
"Ines",39,57,40,74,93,98,143,135,177,194
"Inez",51,82,102,104,131,150,140,123,119,135
"Ingrid",96,112,143,172,151,182,205,205,225,220
"Iqra",..,..,..,..,..,..,..,..,..,16
"Irem",..,..,..,..,..,12,..,..,..,..
"Iris",67,87,96,149,156,163,197,187,229,237
"Irma",90,106,110,122,111,96,76,89,78,76
"Isabel",72,79,67,100,75,94,95,76,112,89
"Isabella",219,271,310,311,331,390,337,364,316,261
"Isabelle",283,323,293,331,322,310,351,359,299,323
"Isabell",110,75,98,111,105,128,112,86,104,67
"Isadora",..,..,10,..,10,11,15,16,15,15
"Isa",70,73,72,55,76,68,38,57,64,56
"Isis ",..,..,..,..,..,11,..,..,..,..
"Isolde",16,14,25,31,36,32,38,23,36,28
"Isra",..,10,11,10,19,21,14,14,15,25
"Izabel ",10,..,..,..,..,..,..,..,..,..
"Izabella",65,51,62,74,50,69,44,50,35,40
"Izabelle",53,39,38,34,28,33,18,32,25,26
"Izabell",14,14,12,12,17,13,12,11,..,16
"Iza",30,19,28,19,17,15,14,12,10,15
"Jackie ",..,..,..,..,..,..,13,10,11,..
"Jacqueline",11,15,17,10,..,20,13,18,17,16
"Jamie",..,..,..,..,..,..,..,..,..,10
"Jamila",..,..,..,..,..,..,..,..,..,10
"Jana ",..,..,10,..,11,16,11,..,17,13
"Janina",11,..,..,..,..,..,..,..,..,..
"Jasmina",11,10,11,15,21,15,12,15,12,16
"Jasmine",82,89,80,85,80,71,72,67,61,70
"Jasmin",60,56,38,57,47,47,50,46,39,45
"Jeanette",..,..,..,..,..,..,..,..,..,..
"Jenna",18,20,14,18,25,31,17,13,20,21
"Jennie",33,25,11,11,13,14,..,..,..,..
"Jennifer",180,159,119,102,99,87,85,46,66,54
"Jenny",68,53,45,35,26,29,22,24,16,16
"Jessica",56,68,47,50,39,50,36,51,26,28
"Jessie",13,..,..,10,..,..,..,12,..,..
"Jessika",..,..,..,..,..,..,..,..,..,..
"Jill",13,11,..,..,17,15,..,..,14,12
"Joanna",20,18,24,..,..,13,12,13,..,..
"Johanna",253,224,165,136,121,93,82,62,59,56
"Jolene ",..,..,..,..,13,11,19,16,..,15
"Jolie ",..,..,..,..,13,19,18,12,19,21
"Jolina",15,17,14,10,15,17,..,..,..,11
"Joline",62,54,62,104,138,141,123,136,134,140
"Jolin ",11,12,16,14,..,15,11,10,..,..
"Joni ",..,..,..,..,11,..,10,22,20,27
"Jonna",110,112,73,70,68,55,55,40,43,36
"Josefina",10,10,14,..,15,16,..,15,..,11
"Josefine",188,115,106,82,79,71,61,50,52,47
"Josefin",104,93,80,77,84,58,67,53,49,30
"Josephine",37,26,28,25,21,28,30,41,33,31
"Joy ",..,..,..,..,..,12,..,11,..,..
"Judith",17,21,30,29,37,38,64,38,47,44
"Judit ",..,12,20,14,17,17,26,18,26,23
"Julia",914,921,816,817,737,820,717,680,682,606
"Julie",29,30,39,50,37,56,93,79,89,84
"Juliette",..,..,..,12,13,10,10,12,14,15
"Juli",..,..,..,..,10,12,16,12,17,18
"Junia ",..,13,..,..,11,12,14,10,12,17
"Junie ",..,13,11,19,21,32,44,46,56,46
"Juni",29,54,34,71,69,98,148,179,197,218
"Juno ",..,..,..,..,22,23,34,39,57,46
"Kajsa",183,178,135,127,128,97,89,80,69,65
"Karin",63,65,57,49,43,45,42,46,36,38
"Karla",13,11,10,11,12,..,11,17,14,23
"Karolina",35,28,25,23,15,18,12,10,10,14
"Karolin",..,..,..,..,..,..,..,..,..,..
"Katarina",18,16,22,14,..,11,..,15,..,10
"Katja",12,11,13,10,18,..,..,..,..,10
"Kayla ",..,..,10,..,..,24,16,11,13,..
"Kellie ",..,..,..,..,..,..,..,10,..,10
"Kelly",15,21,11,21,16,25,40,37,40,43
"Kendra ",..,..,..,..,11,10,..,11,..,10
"Kenza",..,..,..,..,..,..,..,..,14,10
"Kerstin",26,28,39,49,61,59,70,96,83,90
"Keyla ",..,..,..,..,..,..,..,13,14,..
"Khadija",..,..,..,..,..,..,10,..,11,11
"Kiara ",..,..,10,..,..,..,..,15,14,19
"Kimberly",..,13,..,..,11,13,10,..,17,21
"Kim",11,..,11,..,..,..,13,..,..,..
"Kira ",10,12,20,13,17,20,18,13,17,21
"Kitty ",..,..,..,..,11,..,..,..,14,..
"Klara",384,420,373,359,357,384,321,343,308,294
"Kornelia",..,..,..,..,..,..,..,..,10,11
"Kristina",28,25,36,28,16,20,17,14,21,19
"Kristin",..,..,..,..,..,..,..,..,..,..
"Laila",..,10,10,14,20,11,10,12,15,10
"Lamar ",..,..,..,..,..,..,10,16,25,15
"Lamija",..,..,..,..,..,..,..,..,10,..
"Lamis",..,..,..,10,..,..,..,..,..,..
"Lana",22,24,25,38,30,32,46,34,32,51
"Lara",49,40,50,57,57,79,56,60,58,64
"Larin",..,..,..,..,..,..,..,..,..,12
"Laura",51,60,59,91,77,91,103,82,100,113
"Lava ",11,15,11,13,..,19,..,10,..,11
"Lavin ",..,..,..,..,..,..,14,16,13,14
"Layan",..,..,..,..,..,..,..,11,11,15
"Layla ",..,..,..,..,..,..,..,11,..,..
"Leah",74,84,82,112,109,158,169,169,181,190
"Lea",109,114,120,140,151,144,146,167,163,162
"Lee ",..,..,..,..,..,12,..,..,11,..
"Leiah ",..,..,..,..,..,14,..,..,..,11
"Leia",98,129,117,138,173,207,165,159,157,178
"Leija ",..,10,..,..,10,31,20,16,16,15
"Leila",21,15,23,25,30,38,31,34,40,40
"Leja ",..,..,..,..,10,..,..,..,11,..
"Lejla",23,22,23,22,24,33,17,21,13,10
"Lena",13,13,17,13,25,25,26,31,30,37
"Leona",31,30,39,76,95,75,79,67,70,80
"Leonie ",..,..,12,..,17,18,16,23,26,22
"Leonora",12,15,18,23,16,22,17,14,24,35
"Lexie ",..,..,..,..,..,18,16,22,37,32
"Leya ",..,11,..,..,..,10,..,21,19,..
"Leyla ",..,..,10,..,16,12,16,15,16,10
"Lia",29,15,24,24,39,31,41,39,38,49
"Liana",..,..,..,..,..,..,13,..,..,16
"Li",20,12,11,10,23,31,34,45,35,31
"Lilia",..,..,..,..,..,..,..,..,..,12
"Lilian",..,..,..,16,14,19,24,21,26,42
"Lilith ",..,..,..,..,..,10,..,..,..,..
"Lilja ",..,23,34,27,35,34,37,44,46,55
"Lillian ",..,..,..,..,..,11,..,..,10,..
"Lillie",..,..,..,11,..,16,21,20,12,31
"Lilli",..,..,..,..,..,..,..,..,..,10
"Lilly",57,90,146,176,231,298,312,307,352,350
"Lilo ",..,..,..,..,..,..,14,12,12,16
"Lily ",19,26,51,77,112,137,160,181,199,247
"Lina",270,212,155,156,160,149,146,134,117,123
"Linda",49,44,44,36,31,23,30,24,22,23
"Line",33,35,28,18,38,33,33,40,49,36
"Lin",..,..,..,..,..,10,12,14,..,16
"Linnea",423,428,405,392,400,477,428,355,345,328
"Linnéa",446,414,364,320,283,263,287,258,198,262
"Linn",314,322,224,220,204,209,167,158,137,147
"Lisa",332,298,265,217,196,208,170,183,153,141
"Lisen",30,21,26,25,28,25,33,27,24,24
"Liva ",..,..,..,14,10,..,10,12,..,..
"Livia",58,69,112,118,145,205,197,185,191,204
"Liv",150,115,122,178,204,236,242,238,287,254
"Liza",13,16,16,14,..,12,..,..,..,..
"Lizette",..,..,..,..,..,..,..,..,..,..
"Lo ",18,15,20,34,45,63,49,73,77,89
"Lola ",..,..,..,..,..,..,14,20,16,17
"Lorena",..,..,..,..,..,13,..,16,10,13
"Lorin",..,16,15,15,11,..,19,20,13,14
"Lotta",13,16,10,14,..,17,12,18,23,14
"Louisa",17,11,14,14,11,17,..,11,14,10
"Louise",133,111,102,84,72,59,65,50,62,53
"Lou ",..,..,..,..,..,..,19,13,21,19
"Lova",258,250,225,272,300,324,272,233,224,203
"Lowa",26,34,30,37,43,47,50,66,69,52
"Lovelia ",..,..,..,..,..,17,12,..,15,25
"Lovi",..,..,..,..,..,..,..,..,..,12
"Lovina ",..,..,..,..,..,..,..,11,..,..
"Lovisa",402,429,372,356,338,314,285,297,277,254
"Lovis",29,39,50,57,76,87,112,119,114,134
"Lucia",12,14,10,17,13,23,14,18,19,18
"Lucy ",..,..,..,11,10,..,11,15,13,19
"Luna",29,25,27,32,34,35,52,83,82,130
"Lycka ",..,..,..,..,10,..,..,..,..,..
"Lycke ",..,..,..,..,..,..,..,15,13,12
"Lydia",34,52,50,31,36,33,36,40,53,44
"Lykke ",14,14,16,32,74,90,123,133,160,155
"Madeleine",63,40,48,37,34,25,33,22,24,19
"Madelene",20,..,..,11,..,..,..,..,..,..
"Madelen",..,..,..,..,..,..,..,..,..,..
"Madicken",14,19,17,16,21,18,10,14,16,13
"Magda",10,..,15,12,..,10,17,14,13,12
"Magdalena",23,25,24,14,21,16,24,..,16,10
"Maggie ",..,..,..,..,..,..,..,13,..,10
"Maia",..,17,11,28,35,10,13,15,14,20
"Maida",..,..,..,..,..,12,10,16,23,38
"Maija",..,..,..,..,10,11,14,..,10,11
"Maja",824,780,723,627,632,686,548,488,571,546
"Maj ",..,10,14,..,18,21,24,30,31,44
"Majken",65,59,85,111,98,132,137,179,187,169
"Malak",13,12,21,31,32,35,32,40,28,39
"Malin",121,104,74,80,54,46,43,28,22,26
"Malou",18,21,15,18,30,34,29,21,25,20
"Malva",94,107,110,93,132,110,80,80,89,66
"Malvina",11,12,..,..,..,..,10,10,..,10
"Manar",..,..,..,..,..,..,..,..,..,..
"Manda",..,..,10,..,13,..,..,11,18,14
"Maram",..,..,..,..,10,..,11,15,..,..
"Maria",132,126,143,118,117,156,118,123,119,142
"Mariam",39,34,37,57,45,66,55,64,49,53
"Marie",15,16,11,11,14,14,11,14,13,..
"Marielle",..,..,..,..,..,..,..,..,..,..
"Marika",..,..,..,..,..,..,..,..,..,..
"Marina",12,10,12,10,17,16,14,19,14,13
"Marion",..,..,..,..,..,..,..,..,10,..
"Marta",11,..,16,14,13,12,..,..,14,11
"Martina",37,32,23,19,22,12,14,16,13,14
"Marwa",10,12,12,17,19,..,15,16,14,28
"Maryama",..,..,..,..,..,..,15,..,13,19
"Maryam",16,18,23,27,30,46,42,52,58,55
"Maryan ",..,..,..,..,..,10,..,..,..,..
"Mary",12,..,12,..,17,14,12,10,20,23
"Mathilda",158,107,97,76,94,102,73,76,78,65
"Mathilde",..,..,20,12,15,17,16,10,13,25
"Matilda",473,394,382,371,382,330,282,270,221,214
"Matilde ",..,..,..,..,14,10,..,..,..,..
"Maxine",..,..,..,..,..,..,..,..,10,12
"Maya",192,215,163,172,189,182,164,155,167,146
"Medina",14,13,11,18,26,27,25,34,44,53
"Meia ",..,..,..,..,..,..,..,10,..,..
"Meija ",..,..,..,14,15,..,18,13,19,22
"Meja",143,187,220,236,306,287,231,193,231,233
"Melanie",28,28,34,42,41,31,43,56,57,56
"Melek",..,..,10,..,13,15,10,14,10,16
"Melina",69,63,73,69,101,111,110,108,125,119
"Melinda",28,27,38,31,28,42,28,39,23,30
"Melisa",17,27,25,18,24,29,17,25,29,25
"Melissa",91,97,113,111,119,141,167,183,219,191
"Melody",12,..,16,16,18,29,21,33,33,28
"Mercedes",..,..,..,..,..,..,..,..,11,..
"Merve",..,..,..,..,..,..,..,..,..,..
"Meryem",..,..,..,..,..,..,..,..,..,11
"Meya ",19,34,29,33,52,53,50,57,40,47
"Mia",31,37,37,29,35,51,34,40,48,49
"Micaela",..,..,..,..,..,..,..,..,..,..
"Michaela",21,32,17,..,..,10,16,..,14,..
"Michelle",89,88,77,88,86,62,60,57,70,63
"Mikaela",70,44,52,50,32,44,34,28,24,35
"Mika",11,17,27,19,24,27,24,18,24,17
"Mila ",..,..,12,32,23,30,47,76,87,95
"Milea ",..,..,..,..,..,..,..,12,..,13
"Milena ",..,..,..,..,..,11,..,..,..,..
"Miley ",..,..,..,..,..,10,..,..,..,..
"Milia ",..,..,12,12,22,22,27,25,31,29
"Milla",67,71,69,95,108,113,108,85,96,85
"Millie",..,19,18,15,34,35,46,50,73,59
"Milly ",..,..,10,15,18,29,28,32,27,23
"Milou ",..,..,10,..,19,28,13,21,14,11
"Mimmi",35,45,38,33,26,35,32,21,30,30
"Mina",35,30,36,28,35,34,29,37,30,34
"Minea ",12,..,13,17,19,..,16,10,23,10
"Minella ",..,..,..,..,..,..,..,18,..,11
"Minelle",..,..,..,..,..,..,13,25,21,24
"Minja ",..,..,11,10,..,..,..,11,..,15
"Minnah ",..,..,..,..,..,21,103,50,37,30
"Minna",96,92,103,109,73,133,205,139,165,110
"Minou ",..,13,17,12,19,22,18,21,32,34
"Mirabelle",..,..,..,..,..,..,..,..,..,10
"Mira",135,141,191,209,207,172,161,157,164,158
"Miranda",123,152,139,146,123,124,111,88,96,89
"Mirella",..,11,..,..,..,..,..,12,..,11
"Miriam",20,45,30,35,35,47,30,30,39,40
"Mirjam",20,20,18,12,15,13,..,..,15,12
"Mirna",..,..,..,..,..,17,..,..,..,10
"Moa",695,622,569,514,508,541,462,422,381,319
"Mollie",21,31,44,37,60,60,82,64,60,63
"Molly",245,295,385,509,558,612,588,534,488,512
"Mona",27,18,28,18,34,18,19,20,21,20
"Monika",..,..,..,..,..,..,..,..,..,..
"Munira",..,..,..,..,..,..,..,..,..,10
"My",148,127,145,114,141,180,184,201,146,160
"Myra ",12,17,11,19,15,..,20,13,10,15
"Märta",99,98,116,127,143,174,187,172,171,153
"Märtha",16,17,23,13,20,15,25,27,22,22
"Nada",..,..,..,12,12,10,10,..,11,..
"Nadia",27,30,21,30,16,43,22,32,35,21
"Nadine",12,16,18,16,15,10,14,14,11,..
"Nadin",..,..,..,..,10,..,..,..,..,..
"Nadja",28,33,40,35,29,29,26,25,23,15
"Naemi ",..,11,..,..,12,..,10,..,13,10
"Naima",16,19,28,30,26,28,25,28,24,20
"Najma",..,..,..,..,..,11,..,..,..,10
"Nancy",14,16,16,..,..,..,17,..,10,..
"Nanna",12,..,11,16,10,11,15,13,10,..
"Naomi",28,39,37,28,34,43,38,42,40,50
"Narin",..,..,13,14,11,10,..,..,11,10
"Natalia",17,22,25,22,22,20,32,16,27,17
"Natalie",138,180,165,152,125,114,101,88,85,69
"Natali",12,..,..,11,..,..,..,..,..,..
"Natasha",20,..,12,11,11,12,..,11,..,..
"Nathalie",202,203,163,197,191,158,140,134,121,109
"Nawal ",..,..,..,..,..,11,..,15,12,12
"Naya",..,..,..,..,..,..,..,..,..,16
"Neah ",..,..,14,12,..,15,23,20,12,23
"Nea",40,42,33,37,44,52,51,49,37,43
"Nejla",..,..,..,..,..,..,15,..,..,11
"Nelia ",..,..,..,13,12,19,14,15,16,26
"Nella",..,..,..,10,18,16,10,10,11,13
"Nellie",315,378,469,435,441,421,466,404,349,339
"Nelli ",20,16,19,25,15,27,23,15,11,10
"Nell",..,13,11,..,..,..,..,..,..,..
"Nelly",127,139,187,183,160,143,143,155,139,104
"Nemi ",10,12,17,12,10,21,19,12,16,13
"Nicki",..,..,..,..,..,..,..,..,10,..
"Nicole",132,135,110,107,129,129,134,111,113,128
"Nicolina",16,..,11,..,13,15,11,13,10,17
"Nike",30,58,60,56,65,54,68,59,59,58
"Niki",11,14,..,..,11,11,11,..,..,..
"Nikita",15,32,23,25,23,24,22,24,23,15
"Nikki",26,25,27,37,45,82,63,62,66,45
"Nikola",..,..,..,..,..,..,..,..,10,..
"Nikolina",..,10,..,..,..,12,12,13,13,..
"Nilla ",..,..,12,..,..,..,..,12,..,..
"Nina",67,55,57,56,54,55,53,60,49,58
"Ninja ",..,..,..,..,12,..,13,11,..,..
"Ninni",11,11,10,10,..,..,..,..,..,..
"Nisa ",..,12,..,..,..,12,13,13,..,13
"Noa ",..,..,12,..,..,..,..,..,..,..
"Noelia",10,..,14,11,21,19,23,25,28,34
"Noelle",11,13,12,19,28,43,27,40,55,40
"Nomi ",..,..,..,11,14,..,10,21,16,11
"Noomi",14,26,26,29,45,78,93,80,71,98
"Noor",..,18,17,28,32,36,40,29,26,29
"Norah",35,26,35,40,33,31,24,38,35,36
"Nora",290,316,334,319,297,253,274,247,240,252
"Norea",..,..,..,..,..,..,..,..,..,..
"Nor",..,10,16,..,13,..,..,..,..,..
"Nour",18,15,17,20,21,25,19,24,28,26
"Nova",308,362,434,458,452,499,464,418,446,388
"Nowa ",..,..,..,..,..,11,..,..,..,..
"Novalee",..,..,..,..,..,10,..,..,..,..
"Novalie ",14,14,23,22,41,71,74,85,103,119
"Novali ",..,..,..,..,..,12,14,12,17,16
"Nova-Li ",..,..,..,..,10,10,..,..,13,..
"Novelia ",..,..,..,..,..,..,..,12,..,..
"Ofelia",..,..,14,27,17,22,21,27,25,29
"Olga",15,12,14,10,17,16,13,13,11,11
"Olivia",458,436,479,485,560,693,561,529,596,611
"Oliwia",..,..,..,10,..,10,16,20,17,14
"Ophelia",..,12,..,..,..,..,12,11,15,13
"Othilia",12,..,11,20,14,23,18,19,18,23
"Otilia",..,..,..,..,10,..,12,..,..,..
"Ottilia",25,22,17,20,21,22,18,21,12,19
"Pamela",..,..,..,..,..,..,..,..,..,..
"Parisa",..,..,..,..,..,..,..,..,12,..
"Parnia",..,..,..,..,..,..,..,..,..,..
"Patricia",33,30,33,35,19,28,15,..,16,14
"Paula",31,21,23,22,13,14,17,12,12,14
"Paulina",27,44,23,31,22,28,26,27,22,22
"Pauline",15,22,..,..,13,12,14,..,..,10
"Penny ",12,..,10,15,14,21,35,53,56,76
"Perla ",..,12,..,..,..,12,..,..,..,..
"Pernilla",..,..,..,..,..,..,..,..,..,..
"Petra",18,13,12,..,12,14,..,..,..,..
"Petronella",11,..,..,..,..,..,..,..,..,..
"Philippa",28,22,15,11,..,15,13,15,11,..
"Pia",..,..,..,..,..,..,..,..,..,..
"Pixie ",..,..,..,..,16,21,10,11,12,17
"Polly ",..,..,..,11,14,14,15,20,19,17
"Rahaf",..,..,..,..,..,13,..,13,..,10
"Rahma ",..,..,..,11,..,10,..,..,..,..
"Rakel",22,11,11,12,16,16,14,21,15,20
"Rama",..,..,..,..,..,15,..,..,..,..
"Rana",..,..,..,..,..,..,..,..,..,10
"Rania",..,..,17,15,..,13,16,..,16,10
"Rawan ",..,..,..,11,..,15,..,..,..,11
"Rayaan",..,..,..,..,..,..,..,11,..,14
"Rayan",..,..,..,..,..,21,18,15,17,23
"Rebecca",127,123,112,89,97,86,73,59,59,59
"Rebecka",154,128,125,103,84,83,67,53,53,45
"Regina",..,..,..,..,..,..,..,..,..,..
"Rim",..,..,..,11,10,12,..,..,..,..
"Rio ",..,..,..,..,..,..,..,10,..,..
"Rita",..,..,..,..,..,11,..,..,12,12
"Rojin",14,..,..,..,..,..,..,..,..,..
"Ronja",145,180,167,163,161,157,157,181,179,139
"Ronya ",..,11,13,13,..,10,..,11,14,11
"Rosa",..,14,15,12,12,16,12,12,22,14
"Rosanna",..,..,..,..,..,..,..,..,..,..
"Roxanna ",..,..,..,..,10,..,10,10,..,11
"Ruth",10,10,18,28,42,43,49,59,50,65
"Rut",35,27,40,66,82,78,76,68,83,94
"Sabina",38,37,23,24,24,28,23,15,18,14
"Sabirin ",..,..,..,..,..,..,..,13,..,..
"Sabrina",17,12,15,12,11,14,14,11,15,13
"Sabrin ",..,..,..,..,..,..,12,12,..,..
"Safa",..,11,..,..,10,..,11,13,16,17
"Safia ",..,..,..,..,..,..,..,12,..,..
"Saga",503,531,492,463,506,484,431,483,501,501
"Sahra",..,..,..,..,..,..,..,..,..,11
"Sally",28,29,54,62,89,104,96,96,121,125
"Salma",34,28,35,45,37,47,37,42,61,51
"Sama ",..,..,..,..,..,..,14,..,..,..
"Samantha",11,14,17,..,17,16,21,19,17,19
"Samira",21,19,20,20,15,25,13,24,22,17
"Sana",..,..,10,..,..,..,..,16,13,12
"Sandra",144,126,83,79,72,61,41,37,37,36
"Sandy",..,..,..,..,..,..,..,..,..,..
"Sanja ",..,..,..,..,..,..,..,..,..,..
"Sanna",99,116,110,83,81,62,65,48,46,29
"Sanne",..,..,..,..,..,..,..,..,..,..
"Sarah",69,61,66,78,56,53,50,41,39,48
"Sara",462,401,384,366,329,285,254,258,224,225
"Sasha ",..,..,..,..,10,..,..,..,..,..
"Savannah",12,25,37,42,30,36,35,40,20,36
"Selena",..,..,..,..,..,..,..,..,..,17
"Selina",10,..,14,10,..,..,16,14,16,26
"Selin",14,11,20,17,14,13,14,16,20,14
"Selma",245,273,309,319,375,356,360,379,391,386
"Sham",..,..,..,..,..,..,..,..,..,11
"Shams",..,..,..,..,..,11,..,..,..,..
"Shirin",10,..,..,..,..,..,..,..,..,..
"Sibel",..,..,..,..,..,11,..,12,..,..
"Sidra ",..,..,15,..,11,10,16,15,15,15
"Sienna",..,..,12,10,12,13,10,16,..,15
"Signe",134,186,252,247,303,352,362,393,414,427
"Sigrid",64,84,107,110,120,126,147,209,256,281
"Siham ",..,..,..,..,..,..,12,10,16,11
"Silje",..,..,..,13,..,..,15,10,..,14
"Silvia",..,..,..,..,..,..,..,..,..,12
"Simona",..,10,12,..,..,..,..,..,..,..
"Simone",31,19,29,24,27,31,24,30,22,29
"Siri",103,140,206,254,280,255,285,330,290,281
"Siv ",..,..,..,..,..,..,..,11,14,..
"Smilla",109,103,102,108,86,100,69,66,39,48
"Sofia",345,336,321,240,290,239,249,285,260,258
"Sofie",113,89,85,85,73,79,69,69,53,57
"Sofi",..,..,..,11,10,..,..,..,..,..
"Sol",10,..,..,..,..,..,..,..,..,10
"Solveig",..,..,..,..,..,..,..,..,10,..
"Sonia",..,12,11,14,..,16,..,14,13,14
"Sonja",38,39,65,58,66,65,69,82,79,86
"Sophia",39,52,31,34,37,48,52,44,46,75
"Sophie",40,31,43,44,59,47,57,58,52,55
"Stella",247,350,378,331,403,413,458,510,499,551
"Stephanie",21,26,27,21,22,28,29,30,27,35
"Stina",253,235,226,236,255,240,227,215,217,183
"Sumaya",..,..,..,19,15,19,14,32,21,37
"Sundus",..,..,..,..,..,..,..,..,..,13
"Susanna",..,..,14,..,..,..,..,..,..,..
"Svea",66,78,110,154,185,179,173,196,217,173
"Talia",..,..,..,..,..,..,..,..,..,17
"Tamara",..,..,..,..,11,13,..,..,..,..
"Tania ",..,10,..,..,..,..,..,..,..,..
"Tanja",..,..,11,11,..,..,..,..,..,..
"Tanya",..,..,..,..,..,..,..,..,..,..
"Tara",27,31,23,24,16,15,20,19,22,21
"Tea",46,94,60,70,49,62,44,44,54,17
"Tekla",13,17,14,15,13,..,..,12,..,..
"Telma",11,10,..,..,..,..,..,10,12,..
"Teodora",..,12,..,10,10,..,..,..,13,..
"Terese",..,..,..,..,..,..,..,..,..,..
"Teresia",..,..,..,..,..,..,..,..,..,..
"Tess",41,37,39,19,37,20,27,15,12,..
"Thea",353,320,277,293,313,313,294,220,219,211
"Thelise ",..,10,..,..,..,..,..,..,..,..
"Thelma",25,27,30,40,33,36,40,27,34,31
"Theodora",..,..,11,..,..,..,..,14,13,10
"Therese",27,22,22,16,10,12,13,..,..,..
"Therése",..,..,..,..,..,..,..,..,..,..
"Thilda",33,38,24,20,30,29,24,38,28,20
"Thilde",37,27,29,24,37,82,54,46,54,43
"Thindra",27,25,27,21,14,12,..,17,19,16
"Thyra",29,39,28,29,19,27,30,27,31,28
"Tiara",..,..,..,..,..,..,10,..,..,11
"Tiffany",26,11,14,13,..,18,..,14,11,..
"Tilda",432,432,340,312,268,279,211,180,165,154
"Tilde",378,327,342,311,288,349,271,237,225,207
"Tilia ",..,10,11,13,14,11,11,12,10,18
"Tilja ",..,..,..,..,..,11,..,..,..,..
"Tillie",..,..,..,..,..,..,..,..,..,10
"Tilly ",10,15,14,13,31,13,12,20,19,24
"Tina",21,31,23,21,24,21,18,13,..,14
"Tindra",499,486,404,379,339,293,229,176,160,146
"Tintin",20,13,19,16,..,..,10,12,10,14
"Tone",11,..,..,..,..,..,..,..,10,..
"Tora",23,22,32,31,23,42,38,29,34,32
"Tova",174,156,127,76,86,116,79,68,67,53
"Towa",18,..,..,..,..,..,..,..,..,..
"Tove",101,109,83,64,71,207,177,130,112,104
"Towe",..,..,..,..,..,11,..,..,..,..
"Tua",..,..,..,..,..,..,..,..,..,..
"Tuva",360,382,407,407,384,413,384,339,274,289
"Tuwa ",..,14,17,12,..,12,..,16,12,10
"Tuva-Li ",..,12,..,13,12,19,17,12,23,19
"Tyra",277,338,308,316,303,382,303,333,291,302
"Ulrika",..,..,..,..,..,..,..,..,..,..
"Uma",..,..,12,10,..,13,..,..,..,14
"Unni ",..,..,..,..,12,..,..,..,..,10
"Valencia ",..,..,..,..,..,14,..,..,15,..
"Valentina",17,17,26,30,42,35,49,44,44,41
"Valeria",..,..,..,..,..,..,12,..,13,14
"Vanesa",..,..,..,..,..,..,..,..,..,..
"Vanessa",88,97,103,89,116,113,103,84,78,94
"Vanja",24,21,28,26,29,26,20,23,22,26
"Vanna",13,11,13,14,12,..,13,..,..,..
"Vega",23,29,28,34,28,46,51,45,43,65
"Vendela",115,110,90,103,87,78,58,44,63,42
"Wendela",..,..,15,11,12,17,11,12,14,11
"Vera",207,231,271,281,314,381,373,377,414,409
"Wera",..,11,17,15,17,18,27,25,32,22
"Veronica",12,14,23,..,14,13,10,11,..,12
"Veronika",10,11,..,..,10,12,11,10,..,..
"Whilma",..,..,..,..,..,..,..,..,..,..
"Victoria",99,81,78,84,88,77,82,85,78,84
"Vida ",13,..,11,15,16,20,19,23,44,38
"Viktoria",47,49,50,51,42,39,45,33,34,37
"Wiktoria",..,..,..,..,..,..,..,..,11,..
"Vilda",35,42,64,64,80,73,84,94,72,62
"Wilda",34,56,45,59,63,81,59,51,70,51
"Vilhelmina",..,..,..,..,..,..,10,..,..,17
"Wilhelmina",..,..,..,10,10,13,10,..,..,11
"Vilja",20,23,23,31,46,53,43,50,42,38
"Wilja ",..,..,..,11,18,21,23,21,30,25
"Villemo",10,..,..,..,..,..,13,14,..,..
"Vilma",154,191,196,135,158,187,148,137,140,139
"Wilma",592,652,719,562,504,546,503,433,456,432
"Viola",32,36,52,63,66,76,79,81,89,89
"Vira ",..,..,10,..,..,11,..,..,10,12
"Yara ",14,13,20,26,25,26,26,34,18,24
"Yasmina",..,..,10,..,..,..,..,..,..,..
"Yasmine",22,31,21,20,24,20,14,18,18,20
"Yasmin",26,36,47,49,40,48,51,51,43,44
"Ylva",32,42,51,41,58,46,39,48,56,47
"Yrsa",..,..,..,..,..,..,..,..,..,..
"Yusra",..,..,10,..,..,17,10,14,16,25
"Zahraa",14,..,18,20,14,16,16,17,18,..
"Zahra",25,26,21,18,28,29,20,27,26,33
"Zainab",16,..,14,15,27,20,21,28,19,26
"Zandra",..,..,..,..,..,..,..,..,..,..
"Zanna",..,..,..,..,..,..,..,..,..,..
"Zara",..,17,14,13,21,..,15,18,18,17
"Zeinab",..,..,11,12,12,12,10,13,19,..
"Zelda ",17,11,13,19,24,27,30,28,27,46
"Zeynep",..,..,..,..,..,11,..,..,..,..
"Zilan",..,11,..,..,..,..,..,..,..,..
"Zoe",..,22,28,24,26,29,43,40,52,50
"Zoé",..,..,..,..,..,..,..,..,..,11
"Zoey ",..,..,..,..,..,..,10,26,30,27
"Zuzanna",..,..,..,..,10,..,15,..,..,..
"Åsa",17,..,..,..,..,..,..,..,..,..
"Ängla",24,36,31,28,11,..,12,13,..,..
