"tilltalsnamn","2004","2005","2006","2007","2008","2009","2010","2011","2012","2013","2014"
"Aaliyah",..,..,..,..,..,..,..,..,17,14,..
"Abigail ",..,..,..,..,10,..,13,15,18,13,17
"Ada",12,14,14,12,14,21,25,22,23,24,29
"Adela",..,..,12,13,..,..,13,..,15,10,..
"Adele ",..,..,..,..,10,..,..,14,44,54,89
"Adéle",..,..,..,..,..,..,..,..,..,..,11
"Adèle ",..,..,..,..,..,..,..,10,..,..,..
"Adelia",..,..,..,..,..,..,..,..,..,11,15
"Adelina",..,..,..,..,..,10,..,13,12,..,20
"Adeline",..,..,..,..,..,..,..,..,..,..,11
"Adelle",..,..,..,..,..,..,..,..,..,11,17
"Adina",25,23,24,27,12,23,15,..,19,10,12
"Adna",..,12,..,..,..,..,..,..,..,12,14
"Adriana",..,12,..,15,19,23,20,19,23,29,29
"Agnes",472,476,921,618,580,575,586,570,570,581,668
"Ahlam",..,..,..,..,..,..,..,..,..,..,12
"Aicha",..,..,..,..,..,..,10,..,..,..,..
"Aida",10,14,13,11,12,11,13,14,13,18,12
"Aina",16,12,15,13,12,14,10,11,..,12,15
"Aisha",28,33,26,26,52,44,43,54,68,80,80
"Ajla",28,27,26,26,19,16,19,22,17,27,24
"Alba",17,19,23,15,28,32,25,33,33,33,52
"Albina",..,..,..,..,..,..,..,..,..,..,..
"Alde",..,..,..,..,..,..,..,..,..,10,11
"Alea",..,..,..,..,..,..,13,12,20,18,12
"Aleksandra",..,..,..,10,..,..,10,..,10,..,..
"Alessia ",..,..,..,..,..,..,..,11,..,12,14
"Alexandra",205,186,159,138,120,118,115,106,96,101,89
"Alexia",..,11,..,15,15,23,24,25,32,42,36
"Alexis ",..,..,..,..,..,..,16,12,..,..,11
"Alexsandra",..,..,..,..,..,..,..,..,..,..,..
"Aleyna ",..,..,12,..,15,..,..,..,..,..,..
"Alia ",..,..,..,..,..,..,..,..,13,10,..
"Alice",755,886,799,779,747,953,844,966,919,879,778
"Alicia",339,360,367,358,433,437,435,404,512,602,518
"Alicja",..,..,..,..,..,..,..,..,..,..,11
"Alida ",..,..,..,..,..,..,10,..,..,..,..
"Alina",58,42,46,34,46,53,58,58,57,82,90
"Aline",..,..,..,..,10,15,11,..,..,11,17
"Alin",..,..,..,..,..,..,..,..,..,..,10
"Alisa ",10,14,14,18,13,14,24,20,26,29,29
"Alisha ",..,..,..,..,..,..,..,..,10,..,14
"Alissa ",10,..,..,13,..,16,17,24,25,27,33
"Aliyah",..,..,..,..,..,..,..,..,..,..,10
"Aliya ",..,..,..,..,..,..,..,..,11,..,17
"Allie ",..,..,..,..,..,12,..,12,14,24,19
"Allis",18,19,18,24,14,19,16,12,12,13,13
"Ally ",..,..,..,..,14,12,11,22,17,23,27
"Alma",401,423,415,452,441,484,506,458,410,447,532
"Althea",..,..,..,..,..,..,..,..,..,..,11
"Alva",833,844,895,753,701,754,699,592,569,590,509
"Alwa",11,17,21,27,21,16,12,26,26,17,25
"Alvina",11,14,14,19,17,15,18,20,18,12,18
"Alyssa",..,..,..,..,12,..,11,..,11,11,14
"Amalia",21,19,14,19,13,14,22,24,12,21,22
"Amal",..,..,..,..,10,..,..,..,..,..,14
"Amanda",702,667,549,598,597,538,474,431,374,353,323
"Amber",11,13,..,..,..,..,11,..,12,..,..
"Amela",..,..,..,..,..,..,..,..,..,..,..
"Amelia",40,115,149,101,69,78,84,99,87,105,135
"Amelie",44,56,57,42,45,49,54,52,54,64,61
"Amélie ",..,11,..,11,..,11,11,14,17,12,29
"Amie ",..,..,..,10,10,..,..,..,..,12,..
"Amilia",..,20,16,16,18,13,23,21,28,22,22
"Amina",43,32,56,49,44,61,68,60,56,84,59
"Amira",21,14,14,23,17,16,29,30,45,42,57
"Amna",..,..,..,..,..,..,..,11,..,..,..
"Amy",16,26,28,28,20,29,19,28,29,20,30
"AnaBelle",..,..,..,..,..,..,..,..,..,..,10
"Ana",..,..,..,..,12,..,10,..,..,..,..
"Anastasia",27,19,22,13,24,13,13,21,29,27,26
"Anastasija",..,10,..,..,..,..,..,..,..,10,..
"Andrea",78,60,51,55,49,35,34,46,42,23,32
"Andréa",..,12,..,..,..,..,..,..,..,..,..
"Angela",20,..,19,..,20,17,21,18,23,14,19
"Angelica",44,45,40,43,37,30,30,19,25,11,15
"Angelika",..,..,11,..,..,..,..,..,..,..,..
"Angelina",56,99,149,111,112,106,104,86,105,70,65
"Anisa",..,..,..,11,11,16,17,16,16,14,12
"Anita",..,..,13,..,..,..,11,..,..,11,..
"Anja",32,25,29,33,22,28,23,19,..,14,16
"Annabelle ",..,..,..,..,..,..,11,..,17,15,12
"Anna",351,294,293,246,177,168,162,152,136,127,121
"Annie",123,128,109,119,115,104,128,117,124,99,96
"Anni",..,..,..,11,13,..,..,16,11,14,11
"Annika",11,13,16,11,..,..,12,13,..,..,12
"Antonia",22,23,30,26,23,16,21,22,21,16,19
"Anya ",..,..,..,..,..,10,..,..,..,..,..
"Aprilia ",..,13,11,..,11,..,10,..,..,..,..
"Aria",..,..,..,..,..,..,..,..,..,..,10
"Ariana ",..,..,..,..,..,..,14,..,14,18,14
"Ariel",..,..,..,..,..,..,..,..,..,11,..
"Arina",..,..,..,..,..,..,..,..,..,..,10
"Arsam",..,..,..,..,..,..,..,..,..,..,..
"Arwen ",..,..,..,11,..,14,..,10,..,14,..
"Asia",..,..,..,..,..,..,..,..,..,10,..
"Asiya",..,..,..,..,..,..,..,..,..,12,..
"Asma ",..,..,..,..,..,..,..,12,..,13,17
"Asta",13,12,15,13,12,23,17,13,24,19,30
"Astrid",163,169,242,262,306,395,441,418,459,439,454
"Athena",..,..,..,10,..,10,..,..,10,10,12
"Aurora",25,24,27,25,26,28,35,29,47,46,58
"Ava",13,..,19,26,26,25,35,30,38,54,53
"Awa ",..,..,..,..,..,10,..,..,..,..,..
"Avin",..,..,..,..,..,..,10,..,..,..,..
"Aya",26,18,30,24,29,39,32,38,35,37,33
"Ayla",10,13,14,13,10,20,16,16,18,28,37
"Aylin",11,..,11,17,14,26,18,19,23,34,61
"Azra ",13,..,..,..,10,..,..,11,10,12,12
"Bea",..,16,10,15,10,14,..,..,..,..,..
"Beata",24,18,17,15,26,14,20,21,12,13,..
"Beatrice",33,36,39,37,48,37,33,35,25,36,26
"Belinda",14,14,..,..,..,..,..,..,..,..,..
"Bella",37,51,61,63,65,59,86,92,93,96,92
"Belle",..,..,..,..,..,11,14,18,15,30,53
"Benin ",..,..,..,..,..,..,10,..,..,..,..
"Berfin",..,..,..,..,12,..,..,..,..,..,..
"Betty",11,10,11,12,12,30,29,31,33,44,34
"Bianca",64,76,90,85,85,91,98,108,109,92,117
"Bibbi",..,..,..,..,..,..,..,..,..,..,10
"Billie",..,..,..,..,..,..,10,19,17,34,28
"Blanka",..,..,..,..,..,..,11,10,..,..,10
"Blenda",11,19,12,11,..,..,..,..,..,..,..
"Bodil",..,..,..,..,..,..,..,14,12,18,11
"Bonnie",..,..,..,..,..,28,32,49,53,54,47
"Britta",..,..,12,10,..,..,10,..,18,14,13
"Caisa",..,..,..,..,..,..,..,..,..,..,..
"Cajsa",65,43,42,26,29,35,29,22,22,13,16
"Camilla",14,16,15,11,13,14,..,10,..,..,10
"Carla",13,12,24,15,13,17,16,17,20,21,25
"Carmen",..,10,..,11,..,..,13,10,..,..,12
"Carolina",36,34,40,23,27,21,24,14,14,10,13
"Caroline",63,43,36,41,27,20,30,15,17,12,13
"Carolin",..,..,..,..,..,..,..,..,..,..,..
"Casandra",..,..,..,..,..,..,..,..,..,..,..
"Cassandra",87,64,73,69,64,46,63,48,41,45,28
"Cataleya",..,..,..,..,..,..,..,..,..,..,16
"Cecilia",88,58,79,66,60,55,48,45,44,48,45
"Celia",..,..,..,11,..,..,13,..,16,13,..
"Celina",20,21,21,22,20,16,18,25,31,36,34
"Celine",42,36,42,37,40,56,62,68,70,66,102
"Céline",11,..,..,..,..,..,11,..,21,28,41
"Chanel",..,12,12,13,..,..,19,21,23,22,21
"Chanelle",..,10,..,11,..,21,10,..,14,..,17
"Charlie",..,..,..,..,..,13,29,34,51,62,67
"Charlotta",..,..,..,..,..,..,..,..,..,..,..
"Charlotte",14,14,12,12,..,14,14,13,10,11,10
"Chelsea",..,..,..,..,..,13,..,..,16,11,18
"Chloe",..,..,..,..,16,10,16,24,21,13,23
"Chloé",..,..,..,..,..,13,19,13,26,33,22
"Christina",18,11,18,17,17,14,15,18,13,..,..
"Christine",..,..,..,..,..,..,..,..,..,..,..
"Cindy",..,..,..,12,12,13,16,13,11,12,10
"Clara",351,330,327,302,302,236,253,245,232,265,278
"Claudia",16,19,17,18,13,15,21,20,16,14,18
"Cleo",..,..,..,..,..,17,15,11,17,23,25
"Corinne",..,..,..,..,..,..,..,..,11,..,..
"Cornelia",181,280,262,214,225,234,191,195,180,220,210
"Dagny",..,..,..,..,..,..,..,..,18,18,13
"Dahlia",..,..,..,..,..,13,12,10,18,18,24
"Daisy",..,..,..,10,17,20,14,11,14,27,24
"Dalia",16,14,..,11,11,10,24,18,18,19,27
"Dana",12,..,..,14,12,11,12,11,11,..,11
"Dania",..,13,..,16,19,17,11,22,18,..,17
"Daniela",21,21,25,17,16,17,13,10,12,..,14
"Daniella",49,53,49,46,30,37,38,35,31,29,29
"Daria",..,..,..,..,..,..,..,..,16,..,..
"Dea",..,..,..,..,..,..,..,..,..,..,11
"Deborah",..,..,..,..,..,..,..,..,..,..,..
"Delina",..,..,..,..,..,..,..,..,..,..,18
"Denice",..,12,..,..,..,..,..,..,..,..,..
"Denise",49,37,27,42,25,21,22,21,28,23,22
"Denize",13,10,..,..,..,..,..,..,..,..,..
"Desirée",15,11,..,11,..,12,..,..,..,11,10
"Destiny",..,..,..,..,..,..,14,..,11,..,..
"Diana",49,57,33,51,53,62,42,56,54,43,52
"Dilan",..,..,..,..,..,..,..,..,..,..,..
"Dilara",10,10,15,11,..,..,12,..,..,..,..
"Dima",..,..,..,..,..,15,..,10,..,10,..
"Dina",28,25,24,21,24,12,24,11,16,11,14
"Disa",39,38,46,43,36,38,48,33,40,24,33
"Dixie",..,..,..,..,..,..,..,..,..,..,10
"Donia",..,..,..,..,..,..,..,..,..,..,..
"Donya",..,..,..,..,10,..,..,..,10,..,..
"Doris",..,13,19,25,38,56,52,78,60,69,91
"Ebba",780,773,705,757,624,655,660,683,653,663,603
"Eda",..,..,..,..,10,..,11,..,..,..,..
"Edda ",..,..,..,..,..,..,12,..,17,33,73
"Eden ",..,..,..,..,11,10,13,..,12,12,..
"Edessa ",..,..,..,..,..,..,..,10,10,..,..
"Edith",42,44,71,117,127,165,206,194,246,243,231
"Edit",21,37,35,35,40,46,42,54,36,34,46
"Eija",..,..,..,..,..,..,..,..,..,..,12
"Eila",..,..,..,..,12,13,15,12,17,11,15
"Eira",28,14,21,22,51,47,44,53,58,54,59
"Ela ",..,..,..,11,22,13,14,18,16,10,22
"Eldana",..,..,..,..,..,..,..,..,..,11,..
"Eleanor ",..,..,..,..,..,..,13,10,11,13,17
"Elena",11,21,18,19,18,22,28,25,30,34,33
"Eleonora",..,21,19,10,14,16,23,28,29,23,32
"Eleonor ",..,..,..,..,..,..,11,..,..,..,..
"Eliana ",..,..,..,..,11,..,11,12,12,22,17
"Elice",..,..,..,..,..,..,..,..,..,..,10
"Elicia ",15,12,20,17,23,24,21,20,28,28,41
"Elif",..,..,..,23,12,17,..,13,15,32,36
"Elina",171,217,199,182,166,164,160,164,151,161,139
"Eline",..,..,..,..,..,..,..,12,..,15,..
"Elin",980,869,758,741,623,566,563,498,374,351,313
"Elinor",10,..,15,..,..,..,..,10,..,10,..
"Elisabeth",24,22,25,25,28,25,26,26,36,32,33
"Elisabet",10,..,..,..,..,..,..,..,..,..,..
"Elisa",26,31,35,34,32,35,43,43,60,50,73
"Elise",95,90,97,92,108,153,146,160,212,229,303
"Elisia ",..,..,..,..,10,10,11,14,19,17,20
"Elissa ",..,11,..,14,18,..,14,15,20,18,21
"Elizabeth",..,..,..,..,..,12,..,20,10,11,12
"Eliza",..,11,11,16,14,13,21,23,21,16,35
"Elize",..,..,..,..,..,..,..,10,..,13,14
"Ella",776,801,759,845,773,796,720,693,664,688,552
"Elle",..,13,10,13,..,17,21,30,28,26,32
"Ellen",549,498,506,523,477,492,544,502,517,498,515
"Ellie",38,38,50,74,98,132,240,276,305,298,362
"Elli",..,..,14,18,18,18,27,26,32,35,42
"Ellinore",..,..,..,..,..,..,..,..,11,13,15
"Ellinor",65,65,84,56,64,66,71,72,61,74,80
"Elly",11,16,18,16,30,38,57,34,39,39,58
"Elma",40,51,60,64,68,66,83,76,57,61,57
"Elmedina",..,..,..,..,..,..,10,..,..,..,..
"Elna",29,11,19,35,29,28,25,38,34,31,32
"Elona",..,..,..,..,..,..,..,..,10,..,..
"Elsa",619,602,624,722,772,768,719,716,750,762,841
"Elsie ",..,..,..,11,..,18,32,35,56,62,81
"Elva ",..,..,..,..,..,..,..,10,..,..,..
"Elvina ",..,..,14,12,..,17,13,21,..,..,12
"Elvira",223,237,256,336,364,349,399,350,325,322,375
"Elwira",..,..,12,14,11,14,12,16,20,18,22
"Ema",..,..,..,..,..,10,10,..,10,..,..
"Embla",49,51,71,75,67,71,57,50,48,34,39
"Emelia",..,..,14,10,11,..,14,..,10,..,..
"Emelie",403,343,327,274,262,245,194,171,160,133,136
"Emeli",..,10,..,10,..,..,..,..,..,..,..
"Emely",..,..,..,..,..,..,..,..,..,..,..
"Emilia",565,553,630,580,520,542,517,499,471,478,419
"Emilie",17,17,19,18,19,14,..,15,14,..,12
"Emilija",..,..,..,..,..,11,..,10,..,..,14
"Emily",43,43,43,44,47,49,41,46,51,51,60
"Emina",19,18,14,29,30,16,15,20,15,19,13
"Emma",1260,1103,1014,831,818,787,712,635,619,559,448
"Emmelie",..,10,..,..,..,..,..,..,..,..,..
"Emmie",74,69,57,62,64,58,68,61,43,34,46
"Emmi",20,11,21,22,17,16,19,25,16,18,21
"Emmy",143,144,131,124,118,119,116,105,102,99,106
"Emy",12,11,17,..,..,..,..,..,11,10,..
"Engla",105,147,209,224,169,44,40,51,37,26,16
"Enja",..,..,..,..,..,..,..,..,11,..,12
"Enna",..,..,..,..,..,..,..,..,..,..,12
"Enya",21,25,28,42,43,63,84,62,50,62,78
"Erica",53,29,31,22,20,16,..,..,..,..,..
"Erika",47,45,29,25,31,31,21,20,10,24,13
"Erina ",..,..,..,..,..,..,11,10,12,..,..
"Erna",12,..,10,10,..,..,..,..,..,..,..
"Erza",..,..,..,19,..,..,..,..,..,..,..
"Esma ",..,..,..,..,18,11,..,12,12,16,12
"Esmeralda",20,10,22,38,30,36,28,36,31,34,26
"Esra",11,..,..,..,..,..,..,..,..,..,..
"Estelle",29,39,39,33,41,38,53,64,55,33,45
"Ester",101,142,152,193,198,241,236,223,249,258,241
"Esther",32,68,79,84,77,87,102,121,130,141,141
"Estrid ",10,..,..,12,15,17,18,18,28,32,38
"Ethel",..,..,..,..,..,..,..,..,..,12,..
"Eva",16,14,23,22,28,36,24,26,31,36,37
"Evangeline",..,..,..,..,..,..,..,..,..,..,11
"Evelina",225,211,210,174,192,176,191,151,117,110,106
"Eveline",..,..,10,..,..,..,..,..,11,11,..
"Evelin",10,..,..,..,12,..,12,..,11,16,..
"Evelyn",11,15,11,11,17,23,28,17,30,31,31
"Evin",..,..,..,10,..,..,11,..,11,10,13
"Evy",..,..,..,..,..,..,..,..,..,..,15
"Faiza",..,..,..,..,..,..,..,..,..,..,11
"Fannie",..,..,..,..,..,..,..,..,..,..,..
"Fanny",216,208,177,165,144,130,116,119,96,83,74
"Farah ",..,..,..,..,..,..,..,..,11,..,..
"Fatima",28,43,44,45,45,64,72,57,73,68,55
"Fatma",10,13,10,13,10,16,15,15,14,17,20
"Felicia",509,531,518,658,452,431,399,372,342,345,346
"Felizia",13,..,15,10,12,12,11,..,..,..,..
"Fia",..,..,13,12,..,..,10,..,..,..,..
"Fideli",..,..,..,..,..,..,..,..,..,..,..
"Filippa",424,526,448,427,339,305,252,259,215,196,171
"Fiona",12,21,14,14,21,13,16,17,19,27,27
"Flora",12,14,25,31,25,32,41,19,41,53,40
"Florence",..,..,..,..,..,..,..,..,..,12,14
"Franka ",..,..,..,..,..,..,..,11,..,..,..
"Fredrica",..,..,..,..,..,..,..,..,..,..,..
"Fredrika",19,17,22,17,12,12,17,10,19,14,11
"Freija ",..,..,..,..,..,..,..,10,..,10,11
"Freja",118,128,254,297,306,271,332,447,418,464,453
"Freya ",..,..,13,19,32,28,39,34,63,61,66
"Freyja ",..,..,..,..,..,..,..,11,10,..,..
"Frida",423,406,320,293,219,199,163,146,128,101,113
"Gabriela ",..,13,10,12,..,20,10,16,12,..,12
"Gabriella",91,89,87,79,78,85,70,70,64,58,58
"Gabrielle",..,..,..,..,..,..,..,..,..,12,..
"Gerda ",..,..,..,..,..,..,..,10,..,..,..
"Gina",..,..,..,13,..,..,..,..,..,..,..
"Gloria",..,..,..,..,..,..,26,18,17,18,19
"Grace",..,..,11,12,10,11,..,12,15,18,10
"Greta",72,88,82,77,95,130,158,137,150,174,181
"Gry",21,15,17,20,29,31,30,39,55,42,40
"Hafsa ",..,..,..,..,..,..,11,..,20,12,17
"Hailey ",..,..,..,13,..,16,19,33,48,70,60
"Hailie ",..,..,..,..,..,..,..,12,..,..,14
"Haley ",..,..,..,11,..,..,18,14,20,14,20
"Halima",..,..,..,..,..,..,..,..,..,12,..
"Hana",13,17,13,..,25,27,21,22,26,20,20
"Hanan",..,..,..,..,..,..,16,11,..,11,11
"Hani",..,..,..,..,..,..,..,..,..,11,..
"Hanin ",..,10,..,..,..,..,..,..,..,..,..
"Hannah",175,138,149,101,104,89,77,65,74,58,55
"Hanna",668,659,556,463,408,355,308,259,217,203,174
"Harriet ",..,..,10,..,14,10,21,23,39,35,24
"Havanna ",..,15,..,17,16,22,27,21,18,18,11
"Havin",..,21,..,11,..,..,..,..,..,12,..
"Haylie",..,..,..,..,..,..,..,13,17,16,24
"Hedda",87,127,93,106,135,130,150,136,133,159,139
"Hedvig",69,61,57,93,108,109,121,125,127,106,103
"Hedwig ",..,..,..,..,..,..,..,..,13,..,..
"Heidi",10,12,13,14,18,14,21,25,18,28,21
"Helena",23,20,20,23,24,29,28,32,24,28,32
"Helen",10,..,..,..,..,..,..,11,..,11,10
"Helga ",..,..,..,..,..,11,..,..,10,..,14
"Helin",17,19,18,22,24,19,26,17,18,24,22
"Henny",..,..,..,..,13,11,13,..,15,13,15
"Henrietta",..,..,..,..,..,..,..,..,..,..,..
"Hiba",..,13,10,10,..,11,12,..,11,13,14
"Hilda",138,149,189,186,169,160,176,153,159,174,172
"Hilde ",..,..,..,..,..,..,..,..,13,..,16
"Hillevi",17,11,18,24,22,17,29,30,27,32,34
"Hilma",67,80,89,95,83,100,114,126,111,146,154
"Hoda",..,..,..,..,..,..,..,..,..,..,..
"Hollie ",..,..,..,..,..,..,..,..,12,12,23
"Holly ",..,..,12,15,27,32,33,51,40,57,64
"Huda ",..,..,..,..,..,..,..,15,10,..,12
"Hulda ",..,..,..,..,..,10,..,..,..,11,..
"Ibtisam",..,..,..,..,..,..,..,..,..,10,13
"Ida",1012,904,849,763,639,574,575,457,452,367,321
"Idun",13,24,36,31,29,37,63,53,74,92,85
"Ilma",..,..,..,11,..,..,..,..,..,..,..
"Ilona",..,..,..,..,..,..,..,12,10,..,..
"Ilse",11,..,..,..,..,..,13,..,..,16,57
"Iman",19,12,14,17,22,14,16,20,23,22,16
"Ina",26,26,21,27,26,21,20,19,11,..,12
"Indra",40,30,31,30,31,21,22,17,14,10,..
"Ines",22,39,57,40,74,93,98,143,135,177,194
"Inez",47,51,82,102,104,131,150,140,123,119,135
"Ingrid",94,96,112,143,172,151,182,205,205,225,220
"Iqra",..,..,..,..,..,..,..,..,..,..,16
"Irem",..,..,..,..,..,..,12,..,..,..,..
"Iris",45,67,87,96,149,156,163,197,187,229,237
"Irma",97,90,106,110,122,111,96,76,89,78,76
"Isabel",72,72,79,67,100,75,94,95,76,112,89
"Isabella",219,219,271,310,311,331,390,337,364,316,261
"Isabelle",242,283,323,293,331,322,310,351,359,299,323
"Isabell",96,110,75,98,111,105,128,112,86,104,67
"Isadora",..,..,..,10,..,10,11,15,16,15,15
"Isa",74,70,73,72,55,76,68,38,57,64,56
"Isis ",..,..,..,..,..,..,11,..,..,..,..
"Isolde",13,16,14,25,31,36,32,38,23,36,28
"Isra",..,..,10,11,10,19,21,14,14,15,25
"Izabel ",..,10,..,..,..,..,..,..,..,..,..
"Izabella",52,65,51,62,74,50,69,44,50,35,40
"Izabelle",42,53,39,38,34,28,33,18,32,25,26
"Izabell",14,14,14,12,12,17,13,12,11,..,16
"Iza",34,30,19,28,19,17,15,14,12,10,15
"Jackie ",..,..,..,..,..,..,..,13,10,11,..
"Jacqueline",13,11,15,17,10,..,20,13,18,17,16
"Jamie",..,..,..,..,..,..,..,..,..,..,10
"Jamila",..,..,..,..,..,..,..,..,..,..,10
"Jana ",..,..,..,10,..,11,16,11,..,17,13
"Janina",..,11,..,..,..,..,..,..,..,..,..
"Jasmina",..,11,10,11,15,21,15,12,15,12,16
"Jasmine",77,82,89,80,85,80,71,72,67,61,70
"Jasmin",48,60,56,38,57,47,47,50,46,39,45
"Jeanette",..,..,..,..,..,..,..,..,..,..,..
"Jenna",17,18,20,14,18,25,31,17,13,20,21
"Jennie",24,33,25,11,11,13,14,..,..,..,..
"Jennifer",239,180,159,119,102,99,87,85,46,66,54
"Jenny",73,68,53,45,35,26,29,22,24,16,16
"Jessica",75,56,68,47,50,39,50,36,51,26,28
"Jessie",..,13,..,..,10,..,..,..,12,..,..
"Jessika",..,..,..,..,..,..,..,..,..,..,..
"Jill",12,13,11,..,..,17,15,..,..,14,12
"Joanna",19,20,18,24,..,..,13,12,13,..,..
"Johanna",283,253,224,165,136,121,93,82,62,59,56
"Jolene ",..,..,..,..,..,13,11,19,16,..,15
"Jolie ",..,..,..,..,..,13,19,18,12,19,21
"Jolina",12,15,17,14,10,15,17,..,..,..,11
"Joline",45,62,54,62,104,138,141,123,136,134,140
"Jolin ",16,11,12,16,14,..,15,11,10,..,..
"Joni ",..,..,..,..,..,11,..,10,22,20,27
"Jonna",142,110,112,73,70,68,55,55,40,43,36
"Josefina",26,10,10,14,..,15,16,..,15,..,11
"Josefine",190,188,115,106,82,79,71,61,50,52,47
"Josefin",149,104,93,80,77,84,58,67,53,49,30
"Josephine",34,37,26,28,25,21,28,30,41,33,31
"Joy ",..,..,..,..,..,..,12,..,11,..,..
"Judith",15,17,21,30,29,37,38,64,38,47,44
"Judit ",..,..,12,20,14,17,17,26,18,26,23
"Julia",945,914,921,816,817,737,820,717,680,682,606
"Julie",20,29,30,39,50,37,56,93,79,89,84
"Juliette",..,..,..,..,12,13,10,10,12,14,15
"Juli",..,..,..,..,..,10,12,16,12,17,18
"Junia ",..,..,13,..,..,11,12,14,10,12,17
"Junie ",..,..,13,11,19,21,32,44,46,56,46
"Juni",23,29,54,34,71,69,98,148,179,197,218
"Juno ",..,..,..,..,..,22,23,34,39,57,46
"Kajsa",184,183,178,135,127,128,97,89,80,69,65
"Karin",66,63,65,57,49,43,45,42,46,36,38
"Karla",..,13,11,10,11,12,..,11,17,14,23
"Karolina",33,35,28,25,23,15,18,12,10,10,14
"Karolin",..,..,..,..,..,..,..,..,..,..,..
"Katarina",22,18,16,22,14,..,11,..,15,..,10
"Katja",16,12,11,13,10,18,..,..,..,..,10
"Kayla ",..,..,..,10,..,..,24,16,11,13,..
"Kellie ",..,..,..,..,..,..,..,..,10,..,10
"Kelly",18,15,21,11,21,16,25,40,37,40,43
"Kendra ",..,..,..,..,..,11,10,..,11,..,10
"Kenza",..,..,..,..,..,..,..,..,..,14,10
"Kerstin",15,26,28,39,49,61,59,70,96,83,90
"Keyla ",..,..,..,..,..,..,..,..,13,14,..
"Khadija",..,..,..,..,..,..,..,10,..,11,11
"Kiara ",..,..,..,10,..,..,..,..,15,14,19
"Kimberly",..,..,13,..,..,11,13,10,..,17,21
"Kim",24,11,..,11,..,..,..,13,..,..,..
"Kira ",..,10,12,20,13,17,20,18,13,17,21
"Kitty ",..,..,..,..,..,11,..,..,..,14,..
"Klara",445,384,420,373,359,357,384,321,343,308,294
"Kornelia",..,..,..,..,..,..,..,..,..,10,11
"Kristina",39,28,25,36,28,16,20,17,14,21,19
"Kristin",12,..,..,..,..,..,..,..,..,..,..
"Laila",..,..,10,10,14,20,11,10,12,15,10
"Lamar ",..,..,..,..,..,..,..,10,16,25,15
"Lamija",..,..,..,..,..,..,..,..,..,10,..
"Lamis",..,..,..,..,10,..,..,..,..,..,..
"Lana",26,22,24,25,38,30,32,46,34,32,51
"Lara",35,49,40,50,57,57,79,56,60,58,64
"Larin",..,..,..,..,..,..,..,..,..,..,12
"Laura",58,51,60,59,91,77,91,103,82,100,113
"Lava ",10,11,15,11,13,..,19,..,10,..,11
"Lavin ",..,..,..,..,..,..,..,14,16,13,14
"Layan",..,..,..,..,..,..,..,..,11,11,15
"Layla ",..,..,..,..,..,..,..,..,11,..,..
"Leah",32,74,84,82,112,109,158,169,169,181,190
"Lea",84,109,114,120,140,151,144,146,167,163,162
"Lee ",..,..,..,..,..,..,12,..,..,11,..
"Leiah ",..,..,..,..,..,..,14,..,..,..,11
"Leia",85,98,129,117,138,173,207,165,159,157,178
"Leija ",..,..,10,..,..,10,31,20,16,16,15
"Leila",16,21,15,23,25,30,38,31,34,40,40
"Leja ",..,..,..,..,..,10,..,..,..,11,..
"Lejla",20,23,22,23,22,24,33,17,21,13,10
"Lena",..,13,13,17,13,25,25,26,31,30,37
"Leona",19,31,30,39,76,95,75,79,67,70,80
"Leonie ",..,..,..,12,..,17,18,16,23,26,22
"Leonora",10,12,15,18,23,16,22,17,14,24,35
"Lexie ",..,..,..,..,..,..,18,16,22,37,32
"Leya ",..,..,11,..,..,..,10,..,21,19,..
"Leyla ",..,..,..,10,..,16,12,16,15,16,10
"Lia",26,29,15,24,24,39,31,41,39,38,49
"Liana",..,..,..,..,..,..,..,13,..,..,16
"Li",16,20,12,11,10,23,31,34,45,35,31
"Lilia",..,..,..,..,..,..,..,..,..,..,12
"Lilian",..,..,..,..,16,14,19,24,21,26,42
"Lilith ",..,..,..,..,..,..,10,..,..,..,..
"Lilja ",17,..,23,34,27,35,34,37,44,46,55
"Lillian ",..,..,..,..,..,..,11,..,..,10,..
"Lillie",..,..,..,..,11,..,16,21,20,12,31
"Lilli",..,..,..,..,..,..,..,..,..,..,10
"Lilly",35,57,90,146,176,231,298,312,307,352,350
"Lilo ",..,..,..,..,..,..,..,14,12,12,16
"Lily ",..,19,26,51,77,112,137,160,181,199,247
"Lina",246,270,212,155,156,160,149,146,134,117,123
"Linda",66,49,44,44,36,31,23,30,24,22,23
"Line",29,33,35,28,18,38,33,33,40,49,36
"Lin",..,..,..,..,..,..,10,12,14,..,16
"Linnea",415,423,428,405,392,400,477,428,355,345,328
"Linnéa",476,446,414,364,320,283,263,287,258,198,262
"Linn",408,314,322,224,220,204,209,167,158,137,147
"Lisa",333,332,298,265,217,196,208,170,183,153,141
"Lisen",16,30,21,26,25,28,25,33,27,24,24
"Liva ",..,..,..,..,14,10,..,10,12,..,..
"Livia",59,58,69,112,118,145,205,197,185,191,204
"Liv",134,150,115,122,178,204,236,242,238,287,254
"Liza",13,13,16,16,14,..,12,..,..,..,..
"Lizette",..,..,..,..,..,..,..,..,..,..,..
"Lo ",16,18,15,20,34,45,63,49,73,77,89
"Lola ",..,..,..,..,..,..,..,14,20,16,17
"Lorena",..,..,..,..,..,..,13,..,16,10,13
"Lorin",11,..,16,15,15,11,..,19,20,13,14
"Lotta",..,13,16,10,14,..,17,12,18,23,14
"Louisa",16,17,11,14,14,11,17,..,11,14,10
"Louise",159,133,111,102,84,72,59,65,50,62,53
"Lou ",..,..,..,..,..,..,..,19,13,21,19
"Lova",276,258,250,225,272,300,324,272,233,224,203
"Lowa",33,26,34,30,37,43,47,50,66,69,52
"Lovelia ",..,..,..,..,..,..,17,12,..,15,25
"Lovi",..,..,..,..,..,..,..,..,..,..,12
"Lovina ",..,..,..,..,..,..,..,..,11,..,..
"Lovisa",454,402,429,372,356,338,314,285,297,277,254
"Lovis",26,29,39,50,57,76,87,112,119,114,134
"Lucia",16,12,14,10,17,13,23,14,18,19,18
"Lucy ",..,..,..,..,11,10,..,11,15,13,19
"Luna",14,29,25,27,32,34,35,52,83,82,130
"Lycka ",..,..,..,..,..,10,..,..,..,..,..
"Lycke ",..,..,..,..,..,..,..,..,15,13,12
"Lydia",36,34,52,50,31,36,33,36,40,53,44
"Lykke ",..,14,14,16,32,74,90,123,133,160,155
"Madeleine",68,63,40,48,37,34,25,33,22,24,19
"Madelene",18,20,..,..,11,..,..,..,..,..,..
"Madelen",..,..,..,..,..,..,..,..,..,..,..
"Madicken",14,14,19,17,16,21,18,10,14,16,13
"Magda",10,10,..,15,12,..,10,17,14,13,12
"Magdalena",21,23,25,24,14,21,16,24,..,16,10
"Maggie ",..,..,..,..,..,..,..,..,13,..,10
"Maia",10,..,17,11,28,35,10,13,15,14,20
"Maida",..,..,..,..,..,..,12,10,16,23,38
"Maija",..,..,..,..,..,10,11,14,..,10,11
"Maja",845,824,780,723,627,632,686,548,488,571,546
"Maj ",13,..,10,14,..,18,21,24,30,31,44
"Majken",41,65,59,85,111,98,132,137,179,187,169
"Malak",12,13,12,21,31,32,35,32,40,28,39
"Malin",158,121,104,74,80,54,46,43,28,22,26
"Malou",11,18,21,15,18,30,34,29,21,25,20
"Malva",86,94,107,110,93,132,110,80,80,89,66
"Malvina",..,11,12,..,..,..,..,10,10,..,10
"Manar",..,..,..,..,..,..,..,..,..,..,..
"Manda",..,..,..,10,..,13,..,..,11,18,14
"Maram",..,..,..,..,..,10,..,11,15,..,..
"Maria",148,132,126,143,118,117,156,118,123,119,142
"Mariam",46,39,34,37,57,45,66,55,64,49,53
"Marie",17,15,16,11,11,14,14,11,14,13,..
"Marielle",..,..,..,..,..,..,..,..,..,..,..
"Marika",..,..,..,..,..,..,..,..,..,..,..
"Marina",21,12,10,12,10,17,16,14,19,14,13
"Marion",..,..,..,..,..,..,..,..,..,10,..
"Marta",13,11,..,16,14,13,12,..,..,14,11
"Martina",45,37,32,23,19,22,12,14,16,13,14
"Marwa",11,10,12,12,17,19,..,15,16,14,28
"Maryama",..,..,..,..,..,..,..,15,..,13,19
"Maryam",13,16,18,23,27,30,46,42,52,58,55
"Maryan ",..,..,..,..,..,..,10,..,..,..,..
"Mary",..,12,..,12,..,17,14,12,10,20,23
"Mathilda",171,158,107,97,76,94,102,73,76,78,65
"Mathilde",10,..,..,20,12,15,17,16,10,13,25
"Matilda",567,473,394,382,371,382,330,282,270,221,214
"Matilde ",10,..,..,..,..,14,10,..,..,..,..
"Maxine",..,..,..,..,..,..,..,..,..,10,12
"Maya",160,192,215,163,172,189,182,164,155,167,146
"Medina",16,14,13,11,18,26,27,25,34,44,53
"Meia ",..,..,..,..,..,..,..,..,10,..,..
"Meija ",..,..,..,..,14,15,..,18,13,19,22
"Meja",132,143,187,220,236,306,287,231,193,231,233
"Melanie",17,28,28,34,42,41,31,43,56,57,56
"Melek",..,..,..,10,..,13,15,10,14,10,16
"Melina",55,69,63,73,69,101,111,110,108,125,119
"Melinda",42,28,27,38,31,28,42,28,39,23,30
"Melisa",21,17,27,25,18,24,29,17,25,29,25
"Melissa",100,91,97,113,111,119,141,167,183,219,191
"Melody",10,12,..,16,16,18,29,21,33,33,28
"Mercedes",..,..,..,..,..,..,..,..,..,11,..
"Merve",..,..,..,..,..,..,..,..,..,..,..
"Meryem",..,..,..,..,..,..,..,..,..,..,11
"Meya ",10,19,34,29,33,52,53,50,57,40,47
"Mia",25,31,37,37,29,35,51,34,40,48,49
"Micaela",..,..,..,..,..,..,..,..,..,..,..
"Michaela",27,21,32,17,..,..,10,16,..,14,..
"Michelle",92,89,88,77,88,86,62,60,57,70,63
"Mikaela",60,70,44,52,50,32,44,34,28,24,35
"Mika",11,11,17,27,19,24,27,24,18,24,17
"Mila ",..,..,..,12,32,23,30,47,76,87,95
"Milea ",..,..,..,..,..,..,..,..,12,..,13
"Milena ",..,..,..,..,..,..,11,..,..,..,..
"Miley ",..,..,..,..,..,..,10,..,..,..,..
"Milia ",..,..,..,12,12,22,22,27,25,31,29
"Milla",63,67,71,69,95,108,113,108,85,96,85
"Millie",..,..,19,18,15,34,35,46,50,73,59
"Milly ",13,..,..,10,15,18,29,28,32,27,23
"Milou ",..,..,..,10,..,19,28,13,21,14,11
"Mimmi",41,35,45,38,33,26,35,32,21,30,30
"Mina",25,35,30,36,28,35,34,29,37,30,34
"Minea ",10,12,..,13,17,19,..,16,10,23,10
"Minella ",..,..,..,..,..,..,..,..,18,..,11
"Minelle",..,..,..,..,..,..,..,13,25,21,24
"Minja ",..,..,..,11,10,..,..,..,11,..,15
"Minnah ",..,..,..,..,..,..,21,103,50,37,30
"Minna",87,96,92,103,109,73,133,205,139,165,110
"Minou ",..,..,13,17,12,19,22,18,21,32,34
"Mirabelle",..,..,..,..,..,..,..,..,..,..,10
"Mira",112,135,141,191,209,207,172,161,157,164,158
"Miranda",94,123,152,139,146,123,124,111,88,96,89
"Mirella",..,..,11,..,..,..,..,..,12,..,11
"Miriam",29,20,45,30,35,35,47,30,30,39,40
"Mirjam",15,20,20,18,12,15,13,..,..,15,12
"Mirna",..,..,..,..,..,..,17,..,..,..,10
"Moa",711,695,622,569,514,508,541,462,422,381,319
"Mollie",16,21,31,44,37,60,60,82,64,60,63
"Molly",203,245,295,385,509,558,612,588,534,488,512
"Mona",29,27,18,28,18,34,18,19,20,21,20
"Monika",..,..,..,..,..,..,..,..,..,..,..
"Munira",..,..,..,..,..,..,..,..,..,..,10
"My",152,148,127,145,114,141,180,184,201,146,160
"Myra ",11,12,17,11,19,15,..,20,13,10,15
"Märta",74,99,98,116,127,143,174,187,172,171,153
"Märtha",11,16,17,23,13,20,15,25,27,22,22
"Nada",..,..,..,..,12,12,10,10,..,11,..
"Nadia",26,27,30,21,30,16,43,22,32,35,21
"Nadine",21,12,16,18,16,15,10,14,14,11,..
"Nadin",..,..,..,..,..,10,..,..,..,..,..
"Nadja",34,28,33,40,35,29,29,26,25,23,15
"Naemi ",..,..,11,..,..,12,..,10,..,13,10
"Naima",10,16,19,28,30,26,28,25,28,24,20
"Najma",..,..,..,..,..,..,11,..,..,..,10
"Nancy",16,14,16,16,..,..,..,17,..,10,..
"Nanna",15,12,..,11,16,10,11,15,13,10,..
"Naomi",23,28,39,37,28,34,43,38,42,40,50
"Narin",..,..,..,13,14,11,10,..,..,11,10
"Natalia",15,17,22,25,22,22,20,32,16,27,17
"Natalie",138,138,180,165,152,125,114,101,88,85,69
"Natali",..,12,..,..,11,..,..,..,..,..,..
"Natasha",16,20,..,12,11,11,12,..,11,..,..
"Nathalie",193,202,203,163,197,191,158,140,134,121,109
"Nawal ",..,..,..,..,..,..,11,..,15,12,12
"Naya",..,..,..,..,..,..,..,..,..,..,16
"Neah ",..,..,..,14,12,..,15,23,20,12,23
"Nea",52,40,42,33,37,44,52,51,49,37,43
"Nejla",..,..,..,..,..,..,..,15,..,..,11
"Nelia ",..,..,..,..,13,12,19,14,15,16,26
"Nella",..,..,..,..,10,18,16,10,10,11,13
"Nellie",271,315,378,469,435,441,421,466,404,349,339
"Nelli ",11,20,16,19,25,15,27,23,15,11,10
"Nell",..,..,13,11,..,..,..,..,..,..,..
"Nelly",112,127,139,187,183,160,143,143,155,139,104
"Nemi ",..,10,12,17,12,10,21,19,12,16,13
"Nicki",..,..,..,..,..,..,..,..,..,10,..
"Nicole",116,132,135,110,107,129,129,134,111,113,128
"Nicolina",10,16,..,11,..,13,15,11,13,10,17
"Nike",28,30,58,60,56,65,54,68,59,59,58
"Niki",13,11,14,..,..,11,11,11,..,..,..
"Nikita",31,15,32,23,25,23,24,22,24,23,15
"Nikki",19,26,25,27,37,45,82,63,62,66,45
"Nikola",..,..,..,..,..,..,..,..,..,10,..
"Nikolina",..,..,10,..,..,..,12,12,13,13,..
"Nilla ",..,..,..,12,..,..,..,..,12,..,..
"Nina",63,67,55,57,56,54,55,53,60,49,58
"Ninja ",..,..,..,..,..,12,..,13,11,..,..
"Ninni",14,11,11,10,10,..,..,..,..,..,..
"Nisa ",..,..,12,..,..,..,12,13,13,..,13
"Noa ",..,..,..,12,..,..,..,..,..,..,..
"Noelia",..,10,..,14,11,21,19,23,25,28,34
"Noelle",..,11,13,12,19,28,43,27,40,55,40
"Nomi ",..,..,..,..,11,14,..,10,21,16,11
"Noomi",18,14,26,26,29,45,78,93,80,71,98
"Noor",12,..,18,17,28,32,36,40,29,26,29
"Norah",31,35,26,35,40,33,31,24,38,35,36
"Nora",307,290,316,334,319,297,253,274,247,240,252
"Norea",..,..,..,..,..,..,..,..,..,..,..
"Nor",..,..,10,16,..,13,..,..,..,..,..
"Nour",17,18,15,17,20,21,25,19,24,28,26
"Nova",229,308,362,434,458,452,499,464,418,446,388
"Nowa ",..,..,..,..,..,..,11,..,..,..,..
"Novalee",..,..,..,..,..,..,10,..,..,..,..
"Novalie ",..,14,14,23,22,41,71,74,85,103,119
"Novali ",..,..,..,..,..,..,12,14,12,17,16
"Nova-Li ",..,..,..,..,..,10,10,..,..,13,..
"Novelia ",..,..,..,..,..,..,..,..,12,..,..
"Ofelia",15,..,..,14,27,17,22,21,27,25,29
"Olga",13,15,12,14,10,17,16,13,13,11,11
"Olivia",464,458,436,479,485,560,693,561,529,596,611
"Oliwia",..,..,..,..,10,..,10,16,20,17,14
"Ophelia",..,..,12,..,..,..,..,12,11,15,13
"Othilia",15,12,..,11,20,14,23,18,19,18,23
"Otilia",..,..,..,..,..,10,..,12,..,..,..
"Ottilia",24,25,22,17,20,21,22,18,21,12,19
"Pamela",..,..,..,..,..,..,..,..,..,..,..
"Parisa",..,..,..,..,..,..,..,..,..,12,..
"Parnia",..,..,..,..,..,..,..,..,..,..,..
"Patricia",25,33,30,33,35,19,28,15,..,16,14
"Paula",31,31,21,23,22,13,14,17,12,12,14
"Paulina",53,27,44,23,31,22,28,26,27,22,22
"Pauline",29,15,22,..,..,13,12,14,..,..,10
"Penny ",..,12,..,10,15,14,21,35,53,56,76
"Perla ",..,..,12,..,..,..,12,..,..,..,..
"Pernilla",..,..,..,..,..,..,..,..,..,..,..
"Petra",25,18,13,12,..,12,14,..,..,..,..
"Petronella",..,11,..,..,..,..,..,..,..,..,..
"Philippa",20,28,22,15,11,..,15,13,15,11,..
"Pia",..,..,..,..,..,..,..,..,..,..,..
"Pixie ",..,..,..,..,..,16,21,10,11,12,17
"Polly ",..,..,..,..,11,14,14,15,20,19,17
"Rahaf",..,..,..,..,..,..,13,..,13,..,10
"Rahma ",..,..,..,..,11,..,10,..,..,..,..
"Rakel",..,22,11,11,12,16,16,14,21,15,20
"Rama",..,..,..,..,..,..,15,..,..,..,..
"Rana",..,..,..,..,..,..,..,..,..,..,10
"Rania",..,..,..,17,15,..,13,16,..,16,10
"Rawan ",..,..,..,..,11,..,15,..,..,..,11
"Rayaan",..,..,..,..,..,..,..,..,11,..,14
"Rayan",..,..,..,..,..,..,21,18,15,17,23
"Rebecca",169,127,123,112,89,97,86,73,59,59,59
"Rebecka",164,154,128,125,103,84,83,67,53,53,45
"Regina",..,..,..,..,..,..,..,..,..,..,..
"Rim",..,..,..,..,11,10,12,..,..,..,..
"Rio ",..,..,..,..,..,..,..,..,10,..,..
"Rita",..,..,..,..,..,..,11,..,..,12,12
"Rojin",..,14,..,..,..,..,..,..,..,..,..
"Ronja",186,145,180,167,163,161,157,157,181,179,139
"Ronya ",..,..,11,13,13,..,10,..,11,14,11
"Rosa",11,..,14,15,12,12,16,12,12,22,14
"Rosanna",..,..,..,..,..,..,..,..,..,..,..
"Roxanna ",..,..,..,..,..,10,..,10,10,..,11
"Ruth",11,10,10,18,28,42,43,49,59,50,65
"Rut",18,35,27,40,66,82,78,76,68,83,94
"Sabina",43,38,37,23,24,24,28,23,15,18,14
"Sabirin ",..,..,..,..,..,..,..,..,13,..,..
"Sabrina",10,17,12,15,12,11,14,14,11,15,13
"Sabrin ",..,..,..,..,..,..,..,12,12,..,..
"Safa",..,..,11,..,..,10,..,11,13,16,17
"Safia ",..,..,..,..,..,..,..,..,12,..,..
"Saga",536,503,531,492,463,506,484,431,483,501,501
"Sahra",..,..,..,..,..,..,..,..,..,..,11
"Sally",25,28,29,54,62,89,104,96,96,121,125
"Salma",23,34,28,35,45,37,47,37,42,61,51
"Sama ",..,..,..,..,..,..,..,14,..,..,..
"Samantha",..,11,14,17,..,17,16,21,19,17,19
"Samira",14,21,19,20,20,15,25,13,24,22,17
"Sana",..,..,..,10,..,..,..,..,16,13,12
"Sandra",164,144,126,83,79,72,61,41,37,37,36
"Sandy",..,..,..,..,..,..,..,..,..,..,..
"Sanja ",10,..,..,..,..,..,..,..,..,..,..
"Sanna",137,99,116,110,83,81,62,65,48,46,29
"Sanne",..,..,..,..,..,..,..,..,..,..,..
"Sarah",77,69,61,66,78,56,53,50,41,39,48
"Sara",452,462,401,384,366,329,285,254,258,224,225
"Sasha ",..,..,..,..,..,10,..,..,..,..,..
"Savannah",..,12,25,37,42,30,36,35,40,20,36
"Selena",..,..,..,..,..,..,..,..,..,..,17
"Selina",..,10,..,14,10,..,..,16,14,16,26
"Selin",16,14,11,20,17,14,13,14,16,20,14
"Selma",183,245,273,309,319,375,356,360,379,391,386
"Sham",..,..,..,..,..,..,..,..,..,..,11
"Shams",..,..,..,..,..,..,11,..,..,..,..
"Shirin",..,10,..,..,..,..,..,..,..,..,..
"Sibel",..,..,..,..,..,..,11,..,12,..,..
"Sidra ",..,..,..,15,..,11,10,16,15,15,15
"Sienna",..,..,..,12,10,12,13,10,16,..,15
"Signe",114,134,186,252,247,303,352,362,393,414,427
"Sigrid",65,64,84,107,110,120,126,147,209,256,281
"Siham ",..,..,..,..,..,..,..,12,10,16,11
"Silje",..,..,..,..,13,..,..,15,10,..,14
"Silvia",..,..,..,..,..,..,..,..,..,..,12
"Simona",12,..,10,12,..,..,..,..,..,..,..
"Simone",23,31,19,29,24,27,31,24,30,22,29
"Siri",96,103,140,206,254,280,255,285,330,290,281
"Siv ",..,..,..,..,..,..,..,..,11,14,..
"Smilla",113,109,103,102,108,86,100,69,66,39,48
"Sofia",355,345,336,321,240,290,239,249,285,260,258
"Sofie",125,113,89,85,85,73,79,69,69,53,57
"Sofi",15,..,..,..,11,10,..,..,..,..,..
"Sol",..,10,..,..,..,..,..,..,..,..,10
"Solveig",..,..,..,..,..,..,..,..,..,10,..
"Sonia",12,..,12,11,14,..,16,..,14,13,14
"Sonja",37,38,39,65,58,66,65,69,82,79,86
"Sophia",36,39,52,31,34,37,48,52,44,46,75
"Sophie",48,40,31,43,44,59,47,57,58,52,55
"Stella",167,247,350,378,331,403,413,458,510,499,551
"Stephanie",24,21,26,27,21,22,28,29,30,27,35
"Stina",226,253,235,226,236,255,240,227,215,217,183
"Sumaya",10,..,..,..,19,15,19,14,32,21,37
"Sundus",..,..,..,..,..,..,..,..,..,..,13
"Susanna",..,..,..,14,..,..,..,..,..,..,..
"Svea",40,66,78,110,154,185,179,173,196,217,173
"Talia",..,..,..,..,..,..,..,..,..,..,17
"Tamara",..,..,..,..,..,11,13,..,..,..,..
"Tania ",..,..,10,..,..,..,..,..,..,..,..
"Tanja",13,..,..,11,11,..,..,..,..,..,..
"Tanya",..,..,..,..,..,..,..,..,..,..,..
"Tara",27,27,31,23,24,16,15,20,19,22,21
"Tea",76,46,94,60,70,49,62,44,44,54,17
"Tekla",..,13,17,14,15,13,..,..,12,..,..
"Telma",..,11,10,..,..,..,..,..,10,12,..
"Teodora",..,..,12,..,10,10,..,..,..,13,..
"Terese",..,..,..,..,..,..,..,..,..,..,..
"Teresia",..,..,..,..,..,..,..,..,..,..,..
"Tess",55,41,37,39,19,37,20,27,15,12,..
"Thea",374,353,320,277,293,313,313,294,220,219,211
"Thelise ",..,..,10,..,..,..,..,..,..,..,..
"Thelma",35,25,27,30,40,33,36,40,27,34,31
"Theodora",..,..,..,11,..,..,..,..,14,13,10
"Therese",35,27,22,22,16,10,12,13,..,..,..
"Therése",..,..,..,..,..,..,..,..,..,..,..
"Thilda",43,33,38,24,20,30,29,24,38,28,20
"Thilde",35,37,27,29,24,37,82,54,46,54,43
"Thindra",26,27,25,27,21,14,12,..,17,19,16
"Thyra",37,29,39,28,29,19,27,30,27,31,28
"Tiara",..,..,..,..,..,..,..,10,..,..,11
"Tiffany",13,26,11,14,13,..,18,..,14,11,..
"Tilda",510,432,432,340,312,268,279,211,180,165,154
"Tilde",440,378,327,342,311,288,349,271,237,225,207
"Tilia ",11,..,10,11,13,14,11,11,12,10,18
"Tilja ",..,..,..,..,..,..,11,..,..,..,..
"Tillie",..,..,..,..,..,..,..,..,..,..,10
"Tilly ",11,10,15,14,13,31,13,12,20,19,24
"Tina",33,21,31,23,21,24,21,18,13,..,14
"Tindra",467,499,486,404,379,339,293,229,176,160,146
"Tintin",19,20,13,19,16,..,..,10,12,10,14
"Tone",..,11,..,..,..,..,..,..,..,10,..
"Tora",32,23,22,32,31,23,42,38,29,34,32
"Tova",202,174,156,127,76,86,116,79,68,67,53
"Towa",11,18,..,..,..,..,..,..,..,..,..
"Tove",111,101,109,83,64,71,207,177,130,112,104
"Towe",..,..,..,..,..,..,11,..,..,..,..
"Tua",12,..,..,..,..,..,..,..,..,..,..
"Tuva",373,360,382,407,407,384,413,384,339,274,289
"Tuwa ",16,..,14,17,12,..,12,..,16,12,10
"Tuva-Li ",..,..,12,..,13,12,19,17,12,23,19
"Tyra",192,277,338,308,316,303,382,303,333,291,302
"Ulrika",..,..,..,..,..,..,..,..,..,..,..
"Uma",..,..,..,12,10,..,13,..,..,..,14
"Unni ",..,..,..,..,..,12,..,..,..,..,10
"Valencia ",..,..,..,..,..,..,14,..,..,15,..
"Valentina",27,17,17,26,30,42,35,49,44,44,41
"Valeria",..,..,..,..,..,..,..,12,..,13,14
"Vanesa",..,..,..,..,..,..,..,..,..,..,..
"Vanessa",83,88,97,103,89,116,113,103,84,78,94
"Vanja",26,24,21,28,26,29,26,20,23,22,26
"Vanna",..,13,11,13,14,12,..,13,..,..,..
"Vega",22,23,29,28,34,28,46,51,45,43,65
"Vendela",135,115,110,90,103,87,78,58,44,63,42
"Wendela",15,..,..,15,11,12,17,11,12,14,11
"Vera",175,207,231,271,281,314,381,373,377,414,409
"Wera",..,..,11,17,15,17,18,27,25,32,22
"Veronica",10,12,14,23,..,14,13,10,11,..,12
"Veronika",14,10,11,..,..,10,12,11,10,..,..
"Whilma",..,..,..,..,..,..,..,..,..,..,..
"Victoria",96,99,81,78,84,88,77,82,85,78,84
"Vida ",11,13,..,11,15,16,20,19,23,44,38
"Viktoria",60,47,49,50,51,42,39,45,33,34,37
"Wiktoria",..,..,..,..,..,..,..,..,..,11,..
"Vilda",33,35,42,64,64,80,73,84,94,72,62
"Wilda",40,34,56,45,59,63,81,59,51,70,51
"Vilhelmina",..,..,..,..,..,..,..,10,..,..,17
"Wilhelmina",..,..,..,..,10,10,13,10,..,..,11
"Vilja",18,20,23,23,31,46,53,43,50,42,38
"Wilja ",..,..,..,..,11,18,21,23,21,30,25
"Villemo",..,10,..,..,..,..,..,13,14,..,..
"Vilma",174,154,191,196,135,158,187,148,137,140,139
"Wilma",623,592,652,719,562,504,546,503,433,456,432
"Viola",14,32,36,52,63,66,76,79,81,89,89
"Vira ",..,..,..,10,..,..,11,..,..,10,12
"Yara ",..,14,13,20,26,25,26,26,34,18,24
"Yasmina",..,..,..,10,..,..,..,..,..,..,..
"Yasmine",21,22,31,21,20,24,20,14,18,18,20
"Yasmin",31,26,36,47,49,40,48,51,51,43,44
"Ylva",41,32,42,51,41,58,46,39,48,56,47
"Yrsa",..,..,..,..,..,..,..,..,..,..,..
"Yusra",..,..,..,10,..,..,17,10,14,16,25
"Zahraa",..,14,..,18,20,14,16,16,17,18,..
"Zahra",21,25,26,21,18,28,29,20,27,26,33
"Zainab",12,16,..,14,15,27,20,21,28,19,26
"Zandra",..,..,..,..,..,..,..,..,..,..,..
"Zanna",..,..,..,..,..,..,..,..,..,..,..
"Zara",..,..,17,14,13,21,..,15,18,18,17
"Zeinab",..,..,..,11,12,12,12,10,13,19,..
"Zelda ",..,17,11,13,19,24,27,30,28,27,46
"Zeynep",..,..,..,..,..,..,11,..,..,..,..
"Zilan",..,..,11,..,..,..,..,..,..,..,..
"Zoe",..,..,22,28,24,26,29,43,40,52,50
"Zoé",..,..,..,..,..,..,..,..,..,..,11
"Zoey ",..,..,..,..,..,..,..,10,26,30,27
"Zuzanna",..,..,..,..,..,10,..,15,..,..,..
"Åsa",..,17,..,..,..,..,..,..,..,..,..
"Ängla",..,24,36,31,28,11,..,12,13,..,..
