"tilltalsnamn","1998","1999","2000","2001","2002","2003","2004","2005","2006","2007","2008","2009","2010","2011","2012","2013","2014"
"Aaron",..,..,12,..,15,20,24,21,31,35,43,40,41,43,66,55,68
"Abbas",..,..,..,..,..,..,..,..,..,11,13,18,11,20,12,17,12
"Abbe",..,..,..,..,11,20,16,21,27,39,26,37,45,51,59,69,55
"Abdallah",..,..,..,..,..,..,..,..,..,..,..,..,..,..,11,11,..
"Abdirahim",..,..,..,..,..,..,..,..,..,..,..,..,..,..,..,..,10
"Abdirahman",15,15,21,20,16,29,16,12,22,16,21,24,29,30,33,32,53
"Abdulahi",..,..,..,..,..,..,..,..,..,..,..,..,..,10,..,11,..
"Abdullahi",12,..,17,12,..,14,16,10,14,10,14,15,13,24,18,26,34
"Abdullah",..,12,10,..,..,14,10,10,..,11,..,20,24,22,28,27,33
"Abdulrahman",..,..,..,..,..,..,..,..,..,..,..,..,..,..,..,..,11
"Abel ",..,..,..,..,..,..,10,..,..,..,..,..,..,..,11,..,10
"Abraham",..,..,..,..,..,..,..,..,..,..,..,..,..,..,12,10,..
"Acke",..,..,..,..,..,..,..,..,..,..,..,..,..,..,..,..,11
"Adam",614,712,797,695,662,670,626,579,567,526,463,502,470,478,452,464,458
"Adel",10,..,..,..,11,..,10,..,..,13,..,..,10,..,..,..,..
"Adem",..,..,..,..,..,..,..,..,..,12,..,..,..,10,14,12,18
"Adil",..,..,..,..,..,..,..,..,..,..,..,..,..,..,..,..,10
"Adin",..,..,..,..,..,..,..,..,..,..,..,..,..,..,..,10,12
"Adis",10,..,..,..,..,..,..,..,..,..,..,..,..,..,..,..,..
"Adnan",13,11,11,..,11,19,13,..,16,15,17,19,16,18,18,12,21
"Adrian",154,147,154,149,179,200,238,229,263,255,263,279,275,298,340,397,444
"Adriano",..,..,..,..,..,..,..,..,..,..,..,13,..,..,..,..,..
"Agaton",..,..,..,10,..,..,10,..,16,..,16,16,21,25,11,15,12
"Agust",..,..,..,..,..,11,10,..,..,..,..,16,..,17,15,..,24
"Ahmad",23,26,25,21,26,24,22,29,23,33,31,36,38,41,33,38,42
"Ahmed",51,58,62,54,51,46,47,64,47,56,65,63,76,72,85,86,94
"Aiden ",..,..,..,..,..,..,..,..,..,..,..,..,..,13,12,16,15
"Ajdin",..,..,..,..,..,14,..,..,15,..,..,..,13,18,..,13,13
"Akram",..,..,..,..,..,..,..,..,..,..,..,..,..,..,..,15,..
"Aksel",..,..,..,..,..,..,..,..,10,..,..,..,13,..,..,11,15
"Aland",..,..,..,..,..,..,..,..,..,10,..,..,..,..,..,..,..
"Alan",22,12,14,15,22,22,19,23,19,17,19,13,24,16,13,24,22
"Albert",62,48,78,79,68,85,76,77,88,90,82,81,102,108,86,99,101
"Albin",669,683,731,845,921,921,801,769,749,695,613,602,580,525,480,454,446
"Aldin",..,..,..,10,..,11,18,22,15,22,16,11,20,11,19,..,..
"Alec",..,..,..,..,10,..,..,..,..,..,..,..,..,..,..,..,..
"Alejandro ",..,..,..,..,..,..,..,..,..,..,..,..,..,..,11,..,..
"Aleksandar",17,16,13,10,11,14,10,..,..,12,..,10,..,..,..,15,14
"Aleksander",10,..,..,..,..,10,..,10,..,10,14,12,13,17,11,19,13
"Alen",11,10,..,..,14,12,..,10,14,..,..,10,..,..,..,..,..
"Alessandro",..,11,..,..,..,..,10,..,12,10,..,..,..,13,10,..,16
"Alexander",1066,1009,995,936,1065,1015,962,941,896,767,838,821,866,717,738,669,612
"Alexandros",..,..,..,..,..,..,..,..,..,..,..,..,..,..,..,12,..
"Alexis",..,..,..,..,..,..,..,..,10,..,10,..,..,10,15,24,16
"Alex",211,208,190,210,233,215,210,202,224,231,263,220,232,168,182,149,180
"Alf",..,..,..,..,..,..,..,..,..,..,..,..,..,..,..,..,13
"Alfons",24,30,45,51,63,62,95,99,100,107,114,104,103,99,85,86,66
"Alfred",129,135,145,161,258,269,268,299,303,319,362,420,478,431,495,473,547
"Algot",..,14,22,16,36,46,56,64,65,82,107,113,121,124,115,125,126
"Ali",99,79,87,111,97,123,103,100,112,118,128,128,144,144,152,143,147
"Allan",13,16,11,14,16,17,19,17,32,25,29,37,37,32,47,32,54
"Almin",..,..,..,..,..,..,..,..,..,..,..,..,..,..,10,..,..
"Almir",12,..,..,..,..,..,..,..,..,..,..,..,..,..,..,..,..
"Altin",..,..,..,..,..,10,..,10,..,..,12,12,..,..,..,..,..
"Alvar",..,..,10,..,11,..,24,40,62,65,74,70,96,96,93,110,103
"Alve",..,..,..,..,11,14,17,24,38,31,29,46,62,70,84,77,109
"Alvin",35,18,40,62,84,156,250,253,348,364,413,464,445,373,335,291,271
"Alwin",..,..,..,..,..,..,17,26,34,45,54,54,43,42,40,51,50
"Amadeus",13,21,15,31,24,24,31,28,27,30,30,30,35,15,38,51,47
"Amandus ",..,..,..,..,..,..,..,..,..,10,..,..,..,..,17,21,15
"Amar",..,..,12,14,..,13,12,13,15,..,10,23,16,16,14,14,11
"Amel",..,..,..,..,..,..,..,..,..,..,11,..,..,..,..,..,..
"Amer",..,10,..,..,..,..,..,..,..,..,..,..,..,..,..,..,..
"Amin",17,..,16,12,..,23,11,23,22,12,33,22,23,26,25,24,29
"Amir",32,26,27,26,26,29,31,37,26,45,46,46,64,66,70,81,84
"Amos ",..,..,..,..,..,..,..,..,..,..,..,12,..,..,..,10,10
"Anas",..,..,..,..,..,11,..,..,10,23,23,34,42,39,26,67,47
"Anders",67,53,45,38,34,35,37,28,23,14,25,11,13,..,12,16,11
"Andi",..,..,..,..,..,..,11,..,10,..,..,..,..,..,15,14,..
"Andreas",543,481,370,317,298,228,204,173,116,102,62,56,58,50,44,44,40
"Andréas",10,..,..,..,..,..,..,..,..,..,..,..,..,..,..,..,..
"Andrej",..,..,..,..,..,..,..,..,..,12,11,..,..,11,10,..,11
"André",169,130,120,119,115,112,94,102,102,60,55,43,44,43,32,39,32
"Andrew",..,..,..,..,..,..,..,..,14,..,..,..,..,..,..,..,..
"Andy",15,..,11,15,17,14,16,17,13,16,15,14,15,..,13,10,..
"Anes",..,..,..,..,..,..,..,16,..,10,..,..,..,..,..,..,..
"Angelo",..,..,..,..,15,15,27,27,28,25,26,24,25,29,33,31,27
"Ante",..,..,..,..,..,..,12,13,11,10,17,..,..,11,11,..,..
"Anthon",18,15,20,15,22,10,14,15,14,14,10,..,10,..,10,..,11
"Anthony",20,18,20,35,34,21,16,25,25,18,29,28,29,21,21,17,28
"Antoni ",..,..,..,..,..,..,..,..,..,..,..,..,..,..,11,..,12
"Antonio",36,31,43,41,42,43,43,43,39,41,36,31,33,28,28,22,32
"Anton",1067,1091,1062,991,973,991,914,840,887,809,694,654,616,648,602,570,450
"Aram ",..,..,..,..,..,..,..,..,..,..,..,10,10,..,13,12,11
"Aran",..,..,..,..,..,..,..,..,..,..,..,..,..,..,..,..,10
"Aras",..,..,..,..,..,..,..,..,..,..,10,..,..,..,10,10,..
"Arda",..,..,..,..,..,..,..,..,28,30,15,26,17,11,12,..,..
"Arian",18,13,18,..,13,22,20,17,13,10,17,23,18,19,22,22,14
"Arild ",..,..,..,..,..,..,..,..,..,..,..,..,..,..,11,..,..
"Arin ",..,..,..,..,..,..,..,..,..,..,..,..,..,11,..,..,..
"Arman",..,16,..,11,..,10,17,10,10,12,14,17,16,14,17,10,21
"Armin",20,10,19,12,27,21,24,14,20,11,18,18,16,..,16,17,18
"Aron",37,43,61,49,70,71,76,87,87,114,98,108,91,106,108,126,121
"Arthur",..,..,..,13,14,15,..,13,12,20,19,29,34,45,46,53,47
"Artin",..,10,..,..,..,..,13,..,..,11,10,14,11,..,16,10,..
"Artur",..,..,..,..,..,..,..,..,11,12,17,10,10,13,14,21,30
"Arve",..,..,..,..,..,..,..,..,..,..,..,..,12,..,..,..,..
"Arvid",213,203,231,286,326,411,413,442,475,485,500,544,589,563,531,565,540
"Arwid",..,..,..,..,..,..,..,..,10,13,..,..,..,..,10,10,11
"Arvin",14,..,11,11,10,..,15,21,14,14,21,22,26,13,20,18,26
"Aryan",..,..,..,..,..,..,..,..,..,..,12,..,12,10,..,14,11
"Assar",..,..,..,..,..,..,..,..,17,10,22,20,26,14,23,19,22
"Aston",..,..,..,..,..,..,..,15,19,25,29,57,51,51,78,84,93
"Astor ",..,..,..,..,..,..,..,..,..,10,..,14,13,16,10,13,16
"Atlas",..,..,..,..,..,..,..,..,..,..,..,..,..,..,..,..,10
"Atle",..,..,..,..,11,..,13,10,..,17,12,16,..,20,14,18,18
"August",84,87,105,104,133,130,108,116,110,108,139,153,166,180,222,240,261
"Axel",495,562,538,581,610,685,754,745,741,691,676,705,675,670,624,658,572
"Ayan",..,..,..,..,..,..,..,..,..,..,..,..,..,..,..,..,11
"Ayman ",..,..,..,..,..,..,..,..,..,..,..,..,..,..,17,12,26
"Ayoub",..,..,..,..,..,..,..,..,..,..,..,..,..,..,..,..,11
"Ayub",..,..,..,..,..,10,11,..,10,..,16,16,12,19,15,20,25
"Ayuub",..,..,..,..,..,..,..,..,..,..,..,..,..,..,..,..,11
"Aziz",..,..,..,..,..,..,..,..,..,..,11,..,..,..,..,..,..
"Baran",..,..,..,..,..,..,..,22,12,..,14,..,13,..,..,..,..
"Bastian",..,..,..,14,11,17,14,17,20,31,23,32,43,45,46,57,58
"Benjamin",201,214,228,258,340,316,309,310,338,370,387,418,450,432,405,397,452
"Ben",..,..,..,..,..,..,..,12,..,18,11,14,20,28,26,33,20
"Benyamin",..,..,..,..,..,..,..,..,..,..,..,..,..,13,..,13,..
"Beppe",..,..,..,..,..,..,..,..,..,..,..,..,..,..,16,..,15
"Berat",..,..,..,..,..,..,..,..,..,..,..,..,..,..,22,19,15
"Bernard",..,..,..,..,..,..,..,..,..,..,..,..,..,..,..,11,15
"Bertil",..,..,..,..,..,..,..,..,..,..,11,..,14,24,17,28,36
"Bilal",14,13,..,11,19,10,12,23,12,17,18,19,20,18,29,37,26
"Bill ",..,..,..,..,..,..,..,..,..,..,10,15,19,27,43,55,65
"Billy",19,18,21,19,11,..,19,14,14,..,14,28,25,39,51,46,49
"Birger",..,..,..,..,..,..,..,..,..,..,..,..,..,..,11,11,18
"Birk",14,16,12,10,14,12,19,11,11,..,11,14,15,23,16,16,19
"Björn",67,50,48,52,24,39,40,31,28,28,35,41,40,30,48,42,56
"Bob",..,..,..,..,..,..,..,..,..,..,..,..,18,13,..,15,16
"Bo",..,..,..,..,..,..,..,..,10,14,15,14,29,28,42,52,67
"Bosse",..,..,..,..,..,..,..,..,..,..,..,..,..,23,25,25,37
"Brandon",..,..,..,..,..,14,..,..,..,..,..,..,..,..,..,..,..
"Brian",10,16,..,..,13,..,10,11,..,16,10,10,10,12,10,..,..
"Bror",..,..,..,..,..,..,..,..,..,..,..,..,..,13,..,20,22
"Bruno",..,..,..,..,12,13,21,23,41,48,44,50,28,36,39,35,40
"Buster",..,..,..,..,..,..,..,..,16,18,14,14,10,..,..,..,..
"Caesar",..,..,..,..,..,..,14,12,19,17,23,24,18,10,14,11,13
"Calle",27,29,41,41,40,33,51,46,49,26,31,25,44,21,22,15,15
"Carl-Johan",..,..,..,..,..,..,19,10,..,..,11,..,..,..,..,..,..
"Carl",409,409,410,416,390,391,369,364,286,297,245,276,208,217,166,184,174
"Carlos",..,..,..,..,11,..,15,..,10,..,..,..,13,..,..,..,..
"Caspar",..,..,12,..,10,12,..,..,11,..,12,..,10,11,13,..,..
"Casper",143,158,179,251,269,273,284,273,273,264,242,238,252,270,232,224,229
"Caspian",..,..,..,..,..,..,16,21,23,25,25,69,69,76,90,86,64
"Cazper",..,..,..,..,..,..,..,..,..,10,12,..,..,..,..,..,..
"Ceasar",..,..,..,..,11,..,13,..,18,16,15,12,13,..,..,..,..
"Cesar",10,..,..,..,..,..,11,..,17,22,18,15,17,19,16,22,..
"Cevin",15,..,12,..,..,14,..,..,..,12,..,..,..,..,..,..,..
"Charbel",..,11,11,..,..,..,..,..,..,10,15,..,..,12,..,..,18
"Charles",..,10,11,15,12,..,..,..,16,20,15,20,26,13,24,29,37
"Charlie",56,57,67,64,90,92,86,124,157,212,246,393,524,559,709,711,627
"Chris",..,..,..,..,..,10,11,..,..,..,10,..,..,13,..,..,11
"Christian",128,122,128,87,88,100,75,75,74,71,64,68,66,55,72,59,81
"Christofer",..,..,..,..,..,..,10,..,..,..,..,..,..,..,..,..,..
"Christoffer",254,203,192,173,141,126,101,77,64,54,46,37,37,43,25,18,16
"Christopher",87,75,77,65,54,53,36,27,33,25,30,19,25,21,19,19,19
"Christos",..,..,..,..,..,..,..,..,..,..,..,..,..,..,..,10,..
"Claes",16,..,..,..,..,..,..,..,..,..,..,..,..,..,..,..,..
"Colin",..,16,21,18,28,36,35,45,59,48,71,80,77,92,115,151,199
"Collin",..,..,..,..,..,..,..,..,..,..,..,14,10,29,25,42,48
"Conrad",..,..,..,..,..,..,..,..,..,..,..,15,13,10,10,..,14
"Cornelis",..,..,..,..,..,..,11,..,..,11,13,14,15,25,30,21,51
"Cornelius",..,..,..,..,..,..,..,..,..,..,..,12,..,..,..,11,10
"Dag",..,16,..,11,..,..,13,..,..,..,13,12,..,17,11,23,14
"Damian",..,..,..,..,..,..,..,..,..,..,..,10,15,13,11,16,14
"Damien",..,..,..,..,..,..,..,..,..,11,13,13,16,22,17,14,11
"Damon",..,..,..,..,..,..,..,..,..,..,..,..,..,..,..,..,10
"Danial",..,..,10,11,..,10,10,..,..,..,..,..,..,10,..,..,10
"Daniel",759,741,619,461,458,385,355,319,271,243,208,211,220,174,192,169,164
"Danilo",..,..,..,..,..,..,..,..,..,..,..,..,10,14,10,..,10
"Dani",..,..,..,10,..,..,..,..,11,..,..,..,11,..,10,11,..
"Dan",..,..,16,..,..,..,..,..,..,..,..,..,..,..,..,..,..
"Danny",13,..,..,..,12,10,15,..,..,15,17,17,16,15,..,14,10
"Dante",13,13,28,27,40,51,40,62,87,141,116,129,128,117,118,116,150
"Danyar",..,..,..,..,..,..,..,..,..,..,..,..,11,..,10,..,..
"Darian",..,..,..,..,..,..,..,..,..,..,..,12,..,..,..,..,..
"Darin",..,..,..,..,..,..,14,59,45,34,24,31,28,26,23,28,27
"Dario",..,..,..,..,..,..,..,..,..,..,14,..,..,..,10,..,..
"Daris",..,..,..,..,..,..,..,..,..,..,..,..,..,..,..,..,11
"David",727,657,640,626,617,623,602,503,433,408,397,312,294,251,237,218,216
"Dean",..,..,..,..,..,..,..,..,..,..,..,..,..,..,..,10,..
"Denis",12,..,17,10,17,15,13,11,10,12,..,12,11,13,17,..,..
"Deniz",11,11,18,..,13,17,12,17,..,..,12,12,14,12,16,22,13
"Dennis",264,258,243,193,194,175,151,148,110,118,116,88,82,54,77,56,37
"Denniz",..,10,14,15,10,19,10,..,..,..,..,..,..,..,..,..,..
"Devin ",..,..,..,..,..,..,..,11,24,26,22,33,55,50,61,58,52
"Dewin",..,..,..,..,..,..,..,..,..,..,..,..,..,..,10,10,14
"Dexter",..,..,..,..,..,15,19,30,26,29,45,64,69,42,62,78,66
"Diar",..,..,..,..,..,..,..,..,..,..,..,..,..,..,..,..,12
"Didrik",26,19,29,26,22,33,31,25,32,25,29,27,33,39,25,29,27
"Diego",..,..,..,..,..,..,..,..,10,13,13,..,10,15,..,..,..
"Diesel",..,..,..,..,..,..,..,..,..,..,..,..,..,11,..,..,..
"Dilan",..,..,..,..,..,..,..,..,11,..,..,..,14,10,..,..,15
"Dino",12,16,17,18,14,12,18,21,15,26,30,22,22,21,..,20,16
"Dio ",..,..,..,..,..,..,..,..,..,..,..,..,..,10,..,..,..
"Dion",..,..,..,..,..,..,..,..,13,22,18,18,17,17,22,15,14
"Dominic",..,..,..,..,..,..,12,15,14,16,26,23,20,22,23,25,32
"Dominik",..,..,..,..,..,..,..,..,..,..,..,..,..,10,..,11,..
"Dorian",..,..,..,..,..,..,..,..,..,..,..,..,..,10,..,..,..
"Douglas",67,47,89,80,73,62,69,79,74,70,68,75,109,95,81,92,86
"Dylan",..,..,14,19,12,23,17,16,38,22,21,23,44,43,56,45,46
"Ebbe",..,..,..,..,11,21,38,41,49,62,74,114,134,134,230,221,329
"Ebbot ",..,..,..,..,..,..,..,..,..,..,..,..,23,15,20,27,69
"Eddie",78,64,72,64,79,89,92,95,104,115,112,130,168,164,170,161,164
"Eddy",..,..,..,..,..,..,..,..,..,14,..,..,..,14,..,..,..
"Edgar",..,..,11,13,..,16,17,17,19,13,18,21,47,30,23,34,41
"Edin",16,..,..,16,11,21,12,11,14,18,..,15,19,16,13,19,21
"Edmond",..,..,..,..,..,..,..,..,10,..,..,..,..,..,..,..,..
"Edmund",..,..,..,..,..,..,..,..,..,..,..,..,..,..,..,..,10
"Edvard",10,14,22,27,21,26,31,21,27,23,40,34,38,55,53,49,47
"Edward",23,22,33,37,47,44,39,32,50,41,45,68,74,76,110,115,101
"Edvin",175,249,251,308,366,345,368,400,407,427,436,418,449,404,378,387,345
"Edwin",50,71,81,114,128,123,106,127,165,149,159,125,158,139,152,152,145
"Efe",..,..,..,..,..,..,..,..,10,13,18,14,16,15,12,..,11
"Egil",..,..,..,..,..,..,..,13,13,14,13,15,11,14,11,..,19
"Egon",..,..,..,..,14,10,11,14,12,19,20,19,28,17,15,21,25
"Einar",19,18,14,23,23,32,31,32,37,46,58,60,74,60,56,72,71
"Eldin",..,..,..,..,11,..,..,..,..,11,..,10,10,..,..,..,12
"Eliah",..,..,..,..,..,..,..,..,11,..,..,12,14,17,15,13,13
"Elia ",..,..,..,..,..,..,10,..,10,..,..,13,18,12,11,22,12
"Elian ",..,..,..,..,..,..,..,..,..,12,13,17,12,11,13,18,20
"Elias",398,492,597,696,871,919,914,983,1035,1036,947,994,875,817,753,658,698
"Eliaz",..,..,..,..,..,..,..,..,10,..,..,17,..,13,..,11,..
"Elijah ",..,..,..,..,..,..,..,..,..,..,..,..,12,12,18,16,12
"Eli",..,..,..,..,..,..,..,..,..,..,..,12,17,19,..,29,22
"Elion ",..,..,..,..,..,..,..,..,..,..,10,12,16,..,16,25,16
"Eliot ",..,..,..,..,..,..,..,..,..,..,16,15,17,16,..,18,11
"Elis",26,21,31,48,55,61,82,111,149,156,159,157,175,172,192,178,196
"Ellion",..,..,..,..,..,..,..,..,..,..,..,..,..,..,..,..,13
"Ellioth ",..,..,..,..,..,..,..,..,..,11,..,..,..,..,11,..,..
"Elliot",58,97,155,195,232,262,280,405,441,427,386,400,426,411,402,407,476
"Elliott",10,21,26,21,23,36,27,39,36,40,33,50,47,54,53,67,63
"Ellis ",..,..,..,..,..,..,..,..,..,..,..,12,..,..,21,10,20
"Elmer",..,10,..,14,19,16,18,19,35,50,52,64,71,76,88,69,83
"Elmin",..,..,..,..,..,..,..,..,..,..,..,..,..,..,11,..,..
"Elof",..,..,..,..,..,..,12,..,..,10,..,13,13,..,10,12,14
"Elton",..,..,..,..,14,21,32,37,72,88,111,147,182,182,226,203,229
"Elvin",..,..,..,..,18,23,36,41,39,51,56,71,106,129,167,164,161
"Elwin",..,..,..,..,..,..,..,..,..,14,16,15,25,26,34,36,32
"Elvis",..,..,..,12,26,17,39,48,39,54,68,63,73,69,48,51,40
"Emanuel",63,73,80,87,100,90,70,75,83,80,84,84,80,66,89,85,64
"Emilian",..,..,..,..,..,..,..,..,..,..,..,..,..,..,..,..,10
"Emilio",18,19,21,22,32,26,42,42,68,69,65,77,66,78,98,104,95
"Emil",845,894,906,950,1082,1106,1018,941,899,836,768,701,727,696,633,565,502
"Emin",..,..,..,..,10,..,17,16,28,19,13,27,23,25,25,21,34
"Emir",..,..,16,12,21,14,12,18,20,13,20,30,33,43,47,51,56
"Emmanuel",..,..,..,..,..,..,..,..,..,..,..,..,11,12,12,..,19
"Emmett",..,..,..,..,..,..,..,..,..,..,..,..,..,10,10,10,11
"Emre",11,..,13,11,14,23,23,..,13,11,..,15,23,11,10,15,..
"Emrik",..,13,19,16,21,26,24,26,31,20,26,21,24,20,22,15,15
"Enar",..,..,..,..,..,..,..,..,..,..,..,11,..,..,..,10,..
"Enes",..,..,..,..,..,10,12,11,17,13,16,13,20,18,21,24,26
"Ensar",..,..,..,..,..,..,..,..,10,..,..,..,..,11,14,10,11
"Enzo",..,..,..,..,..,..,..,12,19,28,25,24,34,37,29,33,35
"Eren",..,..,..,..,..,..,..,..,10,..,12,..,13,..,..,10,13
"Eric",258,198,215,236,221,211,192,193,155,172,159,155,124,134,145,102,66
"Erik",947,921,851,820,899,830,836,707,717,684,628,570,613,508,463,408,382
"Erion",..,..,..,..,..,..,..,..,..,..,..,10,17,14,..,..,..
"Erjon",..,..,..,..,..,..,..,..,10,..,..,..,..,..,..,..,..
"Erland",..,..,..,..,..,..,..,..,..,..,..,..,..,..,..,10,..
"Ernst ",..,..,..,..,..,..,..,..,..,..,..,..,12,..,..,..,..
"Eskil",..,14,16,31,33,32,44,47,37,52,77,61,88,76,66,74,65
"Ethan ",..,..,..,..,..,..,..,..,..,..,..,15,11,15,..,12,13
"Evan",..,..,..,..,..,..,..,..,..,..,..,..,10,13,..,..,11
"Evert ",..,..,..,..,..,..,..,..,..,..,12,..,..,..,..,..,..
"Eyvind",..,..,..,..,..,..,..,..,..,..,..,..,10,..,..,13,..
"Fabian",142,176,189,186,227,188,206,198,169,165,189,142,136,159,101,98,74
"Felipe",..,..,..,..,..,..,..,..,12,..,..,..,..,..,..,..,..
"Felix",483,492,466,433,405,460,491,488,505,464,423,390,366,315,347,297,288
"Filiph",11,15,12,10,..,12,..,..,..,..,..,..,..,..,..,..,..
"Filip",830,780,736,731,757,784,809,744,704,627,549,497,472,423,444,423,367
"Finn ",..,..,..,..,..,..,11,..,..,..,14,..,12,14,23,21,24
"Florian ",..,..,..,..,..,..,..,..,..,10,10,..,11,..,15,10,18
"Folke",..,..,11,..,17,10,14,18,42,34,57,71,63,81,97,103,121
"Francis",..,..,..,..,..,..,..,..,..,..,..,..,..,..,..,..,10
"Franklin",..,..,..,..,..,..,..,..,..,..,..,..,..,..,..,10,..
"Frank",11,..,..,11,15,16,21,30,43,50,73,96,154,182,177,214,232
"Frans",22,19,11,17,22,39,30,33,70,74,56,68,75,83,88,129,121
"Franz ",..,..,..,..,..,..,..,..,..,..,15,10,..,10,..,..,..
"Freddie",12,..,..,..,..,11,..,13,10,..,17,..,..,..,..,12,..
"Freddy",..,..,..,..,..,..,..,10,..,..,..,..,11,..,..,..,..
"Fred",13,16,13,11,16,15,15,30,34,36,30,46,56,50,80,70,88
"Fredric",12,17,15,13,10,..,..,..,..,..,..,..,..,..,..,..,..
"Fredrik",426,374,330,232,201,149,130,107,103,63,54,38,42,37,33,28,20
"Frej",..,..,..,..,..,11,..,12,12,13,16,13,15,21,27,30,39
"Frode ",..,..,..,..,..,..,10,..,..,12,..,14,21,10,..,..,13
"Gabriel",268,326,331,344,389,386,384,375,353,317,391,399,375,341,322,347,359
"George",19,30,21,19,25,20,21,16,17,13,17,11,15,..,21,22,17
"Georg",..,15,..,..,11,..,12,..,..,13,10,..,13,12,19,11,..
"Gideon ",..,..,..,..,..,..,..,..,..,..,13,10,10,10,11,..,..
"Gillis",..,..,..,..,..,..,..,..,..,..,..,..,..,11,16,..,16
"Gordon",..,..,..,11,..,..,12,..,..,..,10,..,..,..,..,..,..
"Gottfrid",..,..,..,..,..,..,..,15,..,..,..,..,10,13,15,12,15
"Grim ",..,..,..,..,..,..,..,..,..,12,..,..,14,12,13,20,12
"Gunnar",..,..,19,15,..,14,12,14,21,21,27,32,33,30,23,55,70
"Gustaf",155,145,139,133,155,143,158,118,90,110,94,67,84,75,73,57,63
"Gustav",547,561,587,599,664,704,676,614,579,631,579,527,532,449,462,455,417
"Gusten ",..,..,..,..,..,..,..,..,..,..,13,10,18,19,21,20,13
"Gösta ",..,..,..,..,..,..,..,..,..,..,17,17,28,14,25,16,22
"Hadi",..,..,..,14,..,10,..,19,19,18,20,23,11,19,12,14,..
"Haidar",..,..,..,..,..,..,..,..,..,..,..,..,..,..,11,..,..
"Hampus",444,447,560,576,612,553,484,411,426,337,315,288,245,209,208,154,141
"Hamza",13,12,16,17,16,12,22,19,40,33,34,52,52,50,46,44,64
"Hanad",..,..,..,..,..,..,..,..,..,..,..,..,..,11,..,..,..
"Hannes",143,171,191,217,196,199,222,228,248,233,172,165,162,157,139,112,129
"Hans",15,..,14,11,..,11,..,..,..,..,..,..,..,..,10,..,..
"Harald",20,38,25,37,27,34,37,35,31,44,39,32,51,30,34,41,37
"Haris",21,21,..,..,14,13,10,13,14,12,10,..,11,..,12,..,12
"Harley",..,..,..,..,..,..,..,..,..,..,..,..,..,..,13,12,19
"Harry",..,10,16,23,23,27,42,48,64,92,125,156,209,246,274,272,379
"Harun",..,..,..,..,..,..,..,12,..,..,..,11,..,11,..,13,11
"Hasan",14,..,..,..,11,10,..,..,..,12,10,10,..,..,12,11,11
"Hassan",25,23,27,31,21,32,30,24,38,35,27,46,34,44,40,36,46
"Hector ",..,..,..,..,..,..,10,19,13,17,23,24,23,20,31,22,34
"Hektor",..,..,..,..,..,..,..,12,12,10,11,..,10,15,14,10,17
"Helge ",..,..,..,..,..,..,..,..,..,..,..,..,10,29,21,14,24
"Helmer",..,..,..,..,..,16,18,24,11,32,24,32,32,41,48,47,43
"Henning",18,10,15,..,21,15,16,23,26,20,32,35,42,46,42,41,59
"Henric",19,14,12,17,17,10,12,..,..,..,..,..,..,..,..,..,..
"Henrik",235,203,172,156,145,135,101,92,86,72,47,36,40,28,40,26,29
"Henri ",..,..,..,..,..,..,..,..,..,..,..,..,..,..,10,..,10
"Henry",26,11,17,19,25,18,29,39,44,63,74,78,110,107,164,169,213
"Herbert",..,..,..,..,..,..,..,..,..,..,..,..,..,..,..,..,11
"Herman",54,69,80,90,94,97,92,103,93,109,102,104,95,80,114,59,81
"Hilding",..,..,..,..,..,..,11,13,11,18,22,19,33,27,31,37,29
"Hilmer ",..,..,..,..,..,..,..,..,..,..,12,10,12,14,15,15,17
"Hjalmar",36,26,57,38,69,57,90,85,89,93,125,148,182,159,143,173,164
"Holger",..,11,11,..,13,12,24,19,28,33,26,34,40,67,54,71,66
"Hubert ",..,..,..,..,..,..,..,..,..,..,..,..,..,13,10,..,..
"Hugo",271,404,623,671,735,777,873,945,964,920,885,878,873,863,778,748,696
"Hussein",15,26,20,20,20,36,23,31,33,30,33,39,36,51,46,43,35
"Håkan",12,..,..,..,..,..,..,..,..,..,..,..,..,..,..,..,..
"Ian",13,11,..,21,18,25,32,27,32,39,39,43,57,67,61,64,63
"Ibrahim",54,29,38,35,34,32,55,46,48,53,67,48,69,72,97,76,89
"Idris",..,..,..,..,..,..,..,..,..,..,..,..,12,..,..,..,11
"Igor",..,..,..,..,..,..,..,..,..,12,..,..,12,10,..,11,11
"Ilias",..,..,..,..,..,..,..,..,11,..,15,11,12,15,11,..,11
"Ilon",..,..,..,..,..,..,..,..,..,..,..,..,..,10,10,10,..
"Ilyas ",..,..,..,..,..,..,..,..,..,10,13,13,..,13,28,24,28
"Imran ",..,..,..,..,..,..,..,..,..,..,..,12,10,10,25,22,34
"Ingemar",..,..,..,..,..,..,..,..,..,..,..,..,10,15,14,..,..
"Ingmar ",..,..,..,..,..,..,..,..,..,..,..,..,..,..,14,..,..
"Ingo ",..,..,..,..,..,..,..,..,..,..,..,..,..,10,..,..,..
"Isaac",22,23,47,55,48,58,49,58,48,49,45,35,37,33,45,45,35
"Isac",125,160,201,246,262,286,285,300,256,236,183,146,143,105,106,96,107
"Isak",340,352,430,447,556,619,623,626,593,520,531,485,494,386,366,349,331
"Isa",..,..,..,..,..,..,..,..,..,..,..,..,..,..,..,..,12
"Ishak ",..,..,..,..,..,..,..,..,..,..,..,..,15,17,12,11,15
"Isidor ",..,..,..,..,..,..,12,10,..,10,10,15,12,14,13,17,14
"Ismael",..,..,..,..,..,..,..,..,..,..,11,..,..,..,..,..,..
"Ismail",..,11,12,12,11,10,13,..,20,11,22,19,26,27,20,26,41
"Ivan",24,20,26,30,36,29,35,47,38,44,47,55,64,35,50,52,64
"Ivar",21,40,34,45,43,66,81,87,85,95,112,112,129,145,143,195,189
"Izak",..,..,..,..,..,..,10,..,..,..,..,..,10,..,..,..,..
"Jack",71,89,72,77,88,95,84,107,182,201,226,232,249,256,310,320,303
"Jackson",..,..,..,..,..,..,..,..,..,..,..,..,..,..,..,11,10
"Jacob",456,452,404,325,456,373,321,255,239,264,195,196,200,158,165,161,152
"Jake ",..,..,..,..,..,..,..,..,..,..,..,..,..,..,12,10,..
"Jakob",416,406,342,309,321,311,292,221,241,231,197,167,175,138,155,124,107
"Jakub ",..,..,..,..,..,..,..,..,..,..,..,11,10,14,16,10,16
"Jamal",..,..,..,..,..,..,..,..,..,..,..,..,..,..,11,10,..
"James",24,16,18,12,20,15,14,17,31,37,30,33,52,51,48,67,58
"Jamie",..,..,..,..,13,33,30,21,28,22,28,44,62,51,82,86,114
"Jan",12,14,10,12,15,11,11,13,13,16,11,17,17,17,24,21,27
"Jason ",..,..,..,..,..,..,..,12,11,18,13,19,36,30,60,59,73
"Jasper ",..,..,..,..,..,..,10,..,..,..,..,11,16,12,15,12,15
"Jax",..,..,..,..,..,..,..,..,..,..,..,..,..,..,..,12,20
"Jayden",..,..,..,..,..,..,..,..,..,..,..,..,..,18,14,17,28
"Jens",76,51,49,40,42,37,38,29,25,24,21,..,20,14,11,..,..
"Jeremy",..,..,..,..,..,..,..,..,..,..,..,..,..,..,..,..,12
"Jerry",16,13,13,..,..,..,..,..,..,..,..,11,..,..,..,..,..
"Jesper",708,561,493,416,386,359,294,271,198,181,144,117,96,92,79,58,58
"Jesse ",..,..,..,..,..,..,..,..,10,..,..,..,..,..,..,11,..
"Jibril",..,..,..,..,..,..,..,..,..,..,..,..,..,..,..,12,..
"Jim",33,31,19,20,21,19,22,28,13,10,12,12,13,..,..,..,..
"Jimmie",18,13,..,..,..,..,..,10,..,..,..,..,..,..,..,..,..
"Jimmy",82,63,54,39,31,25,30,21,17,18,18,..,19,..,..,..,..
"Joachim",32,17,18,11,..,17,..,10,..,..,..,..,..,..,..,..,..
"Joacim",35,19,36,19,13,12,..,..,..,..,..,..,..,..,..,..,..
"Joakim",257,251,204,195,165,122,84,86,63,64,57,44,25,26,20,20,16
"Joar",32,26,31,29,28,43,40,50,44,23,34,36,31,39,27,33,30
"Joel",402,389,410,474,485,511,477,498,457,391,279,288,295,245,214,181,211
"Johan",677,625,533,464,399,375,290,264,194,158,145,109,112,87,76,76,56
"Johannes",278,244,268,259,238,245,214,240,163,157,125,123,137,121,116,110,82
"John",192,177,164,147,157,132,146,149,138,154,147,151,167,162,188,180,183
"Johnny",16,11,13,..,..,..,..,..,10,..,15,..,10,11,14,11,..
"Jonah ",..,..,..,..,..,..,10,11,22,23,24,23,23,17,21,24,15
"Jona ",..,..,..,..,..,..,..,..,..,..,..,10,..,17,10,..,11
"Jonas",291,204,166,155,140,133,101,90,92,75,64,80,71,67,57,65,51
"Jonatan",200,189,177,164,154,138,143,134,114,119,97,90,64,59,52,48,36
"Jonathan",749,741,699,605,612,613,602,541,483,444,373,358,313,317,270,258,212
"Jones",..,..,..,..,..,..,..,..,..,..,..,10,..,..,10,12,10
"Jon",15,13,16,25,22,18,18,13,19,18,20,19,21,21,24,32,27
"Jonny",11,13,..,..,11,..,..,..,..,..,..,..,..,..,..,..,..
"Jordan",..,..,13,13,17,15,25,34,24,17,13,11,12,..,..,14,22
"Josef",94,92,107,93,97,131,123,143,110,124,122,142,136,113,99,117,128
"Joseph",23,16,25,11,..,20,11,16,24,22,15,16,20,22,20,20,25
"Joshua",17,20,22,26,27,19,17,28,26,32,29,21,26,24,22,32,29
"Julian",15,22,17,20,38,40,37,45,73,78,101,99,130,118,147,158,164
"Julius",64,58,74,92,81,89,76,70,85,82,106,103,106,127,129,91,98
"Junior ",..,..,..,..,..,..,..,..,..,..,..,..,10,..,12,..,13
"Justin",..,..,..,..,..,..,13,14,..,15,14,15,20,21,18,12,17
"Kaan ",..,..,..,..,..,..,..,..,..,..,..,..,..,..,11,..,..
"Kacper",..,..,..,..,..,..,..,..,..,..,..,..,10,..,12,15,15
"Kalle",52,44,72,67,83,90,81,90,77,74,38,64,51,47,53,52,38
"Karam",..,..,..,..,..,..,..,..,..,..,..,..,..,..,..,..,10
"Karim",..,13,10,13,..,..,12,..,..,18,15,12,18,22,18,24,28
"Karl",244,207,211,210,213,232,223,200,156,164,167,148,116,118,114,102,105
"Kaspar",..,..,..,..,12,10,..,..,..,..,..,..,..,..,..,..,..
"Kasper",76,85,111,78,95,129,120,108,98,80,107,97,114,97,88,79,70
"Kaspian",..,..,..,..,..,..,..,..,..,..,..,..,..,..,..,10,11
"Kelian",..,..,..,..,..,..,..,..,..,..,..,..,..,..,..,15,..
"Kelvin",..,..,..,..,..,..,..,10,14,17,14,16,15,14,..,15,16
"Kenan",..,..,..,..,..,15,10,..,18,14,15,16,17,15,12,18,10
"Kenny",36,29,22,22,21,20,13,13,14,10,..,..,..,..,..,..,..
"Kerem",..,..,..,..,..,..,..,..,..,..,..,..,..,..,..,..,10
"Kerim",..,..,..,..,..,..,..,..,..,..,..,..,..,12,..,11,..
"Kevin",475,487,536,466,494,487,549,528,481,412,444,423,386,378,332,310,288
"Kewin",10,..,..,..,10,12,19,15,13,17,..,13,..,11,11,..,..
"Khaled",..,..,..,..,..,..,..,..,..,..,12,10,10,13,12,..,13
"Khalid",11,14,..,..,..,..,..,10,15,..,10,10,14,14,24,31,21
"Kian",..,..,..,..,..,12,13,20,28,33,44,49,60,57,70,89,73
"Kid",..,..,..,..,..,..,..,..,..,..,..,..,..,12,11,..,12
"Killian",..,..,..,..,..,..,..,..,..,..,..,..,..,..,..,..,10
"Kimi",..,..,..,..,..,..,..,10,10,13,14,10,..,..,..,..,..
"Kim",124,99,106,80,82,85,81,71,43,45,46,32,22,24,14,17,16
"Klas",19,18,26,21,20,18,11,12,..,10,13,..,..,..,..,19,..
"Knut",..,14,10,14,20,11,21,18,13,17,44,47,72,58,64,79,85
"Konrad",13,..,15,14,18,16,11,15,15,30,19,33,25,23,22,27,31
"Konstantinos",..,..,..,..,..,..,..,..,..,..,..,..,..,..,..,10,..
"Kristian",63,48,54,43,35,35,29,37,37,26,28,28,22,27,24,28,21
"Kristoffer",107,93,82,73,78,73,61,51,40,34,35,23,20,13,..,16,..
"Laban",..,..,..,..,..,12,11,12,..,13,..,..,..,..,..,..,..
"Lars",35,28,22,17,13,19,11,15,..,13,..,..,..,16,18,13,13
"Lasse",..,..,..,..,..,..,..,..,..,..,..,..,..,..,..,..,11
"Leandro",..,..,..,..,11,..,..,..,12,..,11,15,14,15,23,17,20
"Leart",..,..,..,..,..,..,..,..,..,..,..,..,..,..,11,10,..
"Lee ",..,..,..,..,..,..,..,..,..,..,..,..,..,10,..,11,..
"Lennon",..,..,..,..,..,..,..,..,..,12,..,10,11,15,14,23,20
"Lennox",..,..,..,..,..,..,..,..,..,..,..,17,28,22,35,63,51
"Leo",109,140,178,238,312,454,575,631,666,658,682,681,757,634,666,613,563
"Leonard",22,27,44,33,35,53,47,44,50,48,48,47,53,42,63,52,46
"Leonardo",12,24,18,19,21,24,21,36,28,36,25,40,33,31,29,45,28
"Leonel ",..,..,..,..,..,..,..,..,..,..,..,14,25,20,29,34,36
"Leonidas ",..,..,..,..,..,..,..,..,..,..,..,..,..,10,..,10,10
"Leon",36,55,71,71,107,135,147,236,273,262,301,359,371,358,381,378,395
"León",..,..,..,..,..,..,..,..,20,..,12,11,..,16,17,..,17
"Léon",..,..,..,..,..,..,11,27,18,14,23,22,31,38,28,30,25
"Leopold",..,..,..,16,15,19,19,22,18,19,25,22,24,19,16,19,33
"Levi",..,..,..,..,11,10,..,13,..,25,44,51,90,108,127,104,108
"Levin ",..,..,..,..,..,..,..,..,..,..,..,..,..,..,13,..,..
"Levis ",..,..,..,..,..,..,..,..,..,..,10,14,15,25,18,17,14
"Lewis",..,..,..,..,..,..,..,..,..,..,..,..,..,..,..,16,..
"Lex ",..,..,..,..,..,..,..,..,..,..,13,11,..,10,11,12,23
"Lexus",..,..,..,..,..,..,..,..,..,..,..,..,..,10,17,..,..
"Liam",57,98,147,209,296,522,537,670,643,745,744,680,782,746,720,706,725
"Lias ",..,..,..,..,..,..,..,..,12,10,15,14,20,22,21,11,10
"Linus",749,770,808,850,815,853,743,730,671,544,508,419,393,325,252,235,208
"Lionel",..,..,..,..,..,..,..,..,..,11,12,15,41,62,61,42,58
"Lion",..,..,..,..,..,..,..,..,..,11,..,10,21,22,38,43,47
"Loa",..,..,..,..,..,..,..,..,..,10,10,11,13,14,22,22,39
"Logan",..,..,..,..,..,..,..,..,..,..,..,..,..,..,..,..,12
"Loke",..,23,23,38,54,86,103,110,112,153,141,163,179,230,220,258,284
"Lo ",..,..,..,..,..,..,10,..,..,..,..,12,22,18,18,39,29
"Lorent",..,..,..,..,..,..,..,..,..,..,..,..,..,..,..,..,10
"Lorenzo",..,..,..,..,..,..,..,..,..,..,12,..,..,..,..,10,15
"Lorik",..,..,..,..,..,..,..,..,..,..,..,..,12,15,12,18,19
"Louie ",..,..,..,..,..,..,..,..,..,..,..,11,23,26,43,65,98
"Loui ",..,..,..,..,..,..,..,..,..,..,..,15,20,24,53,96,129
"Louis ",..,..,..,..,..,..,..,..,..,..,..,..,..,10,18,18,27
"Lou",..,..,..,..,..,..,..,..,..,..,..,..,..,..,..,10,..
"Love",70,76,90,114,112,137,139,141,161,180,155,219,278,249,247,223,242
"Lowe",13,10,13,20,18,42,43,41,74,59,43,50,79,67,76,71,77
"Luan",..,..,..,..,..,..,..,..,..,..,..,..,..,..,..,..,10
"Luca",..,..,..,..,..,..,..,..,..,14,19,19,11,..,14,14,16
"Lucas",370,402,474,448,490,566,559,587,607,574,589,611,624,578,506,538,520
"Ludvig",304,297,327,388,343,407,448,436,403,424,397,390,414,424,388,387,386
"Ludwig",164,171,155,165,191,227,214,176,211,174,179,165,162,141,174,192,193
"Luka",..,..,..,10,12,..,10,17,19,24,16,22,26,19,19,11,12
"Lukas",381,456,412,442,487,502,524,502,556,485,491,491,397,374,391,389,323
"Lukaz ",..,..,..,..,..,..,..,..,..,..,..,..,..,11,..,..,..
"Luke ",..,..,..,..,..,..,..,..,..,..,..,10,..,..,11,..,17
"Luqman",..,..,..,..,..,..,..,..,..,..,..,..,..,..,..,11,11
"Magnus",78,44,50,49,42,29,24,30,17,17,17,25,18,10,11,..,13
"Mahamed ",..,..,..,..,..,..,..,..,..,..,..,..,10,10,10,22,23
"Mahdi ",..,..,..,..,..,..,..,..,15,15,..,..,14,18,19,14,17
"Mahir",..,..,..,..,..,..,..,..,..,..,..,..,..,..,..,11,..
"Mahmoud",..,10,..,10,11,10,..,..,..,..,15,..,11,10,17,..,14
"Maksim",..,..,..,..,..,..,..,..,..,..,..,..,11,..,..,..,..
"Malcolm",16,19,15,21,23,24,26,23,22,26,26,24,25,19,28,33,32
"Malcom",..,..,..,..,..,..,..,..,..,..,..,..,11,..,..,10,..
"Malek",..,..,..,..,..,..,..,..,10,..,..,..,18,16,..,18,17
"Malik",..,..,..,..,..,..,13,10,20,..,13,19,14,15,24,32,30
"Malte",32,44,54,88,119,168,196,227,240,330,295,342,318,326,313,350,349
"Manfred",11,10,10,16,16,13,16,15,24,25,18,29,33,20,23,35,40
"Manne",..,10,..,..,15,11,18,11,12,12,18,15,28,26,25,17,29
"Manuel",..,..,..,..,..,..,..,10,..,..,..,..,..,..,..,..,..
"Marcel",..,10,12,10,..,..,10,..,..,..,13,10,19,17,28,25,33
"Marc",..,10,..,..,..,..,..,..,..,..,..,..,..,..,10,..,..
"Marco",18,18,17,21,18,13,..,14,..,11,11,11,..,13,..,..,..
"Marcus",648,599,576,493,462,414,379,282,209,211,171,131,107,96,77,61,63
"Mario",15,12,..,12,11,14,18,16,23,20,17,15,15,20,10,24,20
"Marius",..,..,..,..,15,12,18,20,24,19,23,..,21,13,18,14,16
"Mark",15,15,13,..,10,11,..,..,..,..,11,10,..,16,..,15,15
"Marko",16,19,12,11,15,19,14,19,14,10,..,15,10,13,13,14,..
"Markus",260,253,200,181,163,165,134,127,102,92,92,64,44,43,43,40,43
"Marley ",..,..,..,..,..,..,..,..,..,..,..,20,15,11,23,21,27
"Marlon",..,..,..,..,..,10,..,12,10,15,..,18,13,20,18,17,17
"Martin",493,428,382,332,304,287,231,199,168,159,138,96,104,87,70,78,64
"Marwan",..,..,..,..,..,..,..,..,..,..,..,..,..,..,..,10,10
"Marvin",..,..,..,..,10,..,..,10,..,10,12,10,12,..,12,16,12
"Marwin",..,..,..,..,..,..,10,12,..,..,..,..,..,..,..,10,..
"Mason",..,..,..,..,..,..,..,..,..,..,..,..,..,..,..,13,23
"Mateo",..,..,..,..,..,..,..,14,21,12,20,14,24,27,39,26,49
"Matheo",..,..,..,..,..,..,..,14,14,24,24,25,28,32,40,66,83
"Matheus",..,..,..,..,..,..,10,10,14,16,10,15,12,10,15,23,16
"Mathias",123,134,84,78,73,80,47,39,46,35,41,27,25,17,25,18,14
"Mats",12,..,..,..,..,..,..,..,..,..,..,..,..,..,..,..,..
"Matteo ",..,..,..,..,..,..,15,17,25,25,32,37,45,46,53,64,63
"Matteus",..,11,20,19,22,22,30,30,32,39,36,31,30,47,45,37,38
"Matthias",10,12,..,..,..,..,..,..,..,..,..,..,..,..,..,..,..
"Mattias",333,323,288,222,196,178,173,118,129,111,99,79,62,53,57,66,50
"Mattis",19,13,26,27,37,30,23,26,30,29,21,32,37,25,34,25,27
"Mauritz",..,..,..,..,10,12,..,12,11,..,..,11,..,..,..,..,..
"Maximiliam",..,..,..,..,..,..,..,10,..,..,..,..,12,..,..,12,..
"Maximilian",39,51,45,72,93,88,120,92,90,123,163,133,155,142,145,153,152
"Maximillian",..,..,..,..,13,..,10,..,..,..,10,12,..,13,12,..,10
"Maxim ",..,..,..,..,..,..,..,..,..,14,..,12,10,11,13,..,..
"Maximus",..,..,..,..,21,16,20,24,31,23,37,34,22,24,23,22,23
"Max",356,394,435,474,518,543,649,636,668,553,538,579,524,460,488,396,362
"Mehdi",10,..,..,..,..,..,..,..,..,..,15,..,..,14,..,..,15
"Mehmet ",..,..,..,..,..,..,..,..,..,..,13,..,..,..,..,..,..
"Melker",49,65,129,142,183,230,274,274,310,313,284,311,368,382,350,346,343
"Melvin",19,24,69,130,207,261,318,445,495,450,459,483,431,365,401,412,337
"Melwin",..,..,27,19,42,52,43,104,143,127,113,133,127,105,103,142,145
"Mert",..,..,..,..,..,..,..,..,..,..,..,..,..,..,..,..,11
"Michael",62,52,59,41,51,41,43,30,38,22,34,32,30,32,31,23,35
"Michel",16,19,17,..,16,11,13,14,..,..,..,..,..,..,..,..,..
"Miguel",..,..,..,..,..,..,..,..,..,..,..,..,10,..,..,..,..
"Mikael",154,134,113,106,72,71,61,55,58,57,46,43,55,53,43,50,46
"Mikail",..,..,..,10,..,..,..,..,11,11,..,10,18,..,..,12,15
"Mika",..,..,12,..,..,..,..,..,..,..,10,..,..,..,..,15,10
"Mike",..,..,..,11,13,..,..,..,..,12,..,..,..,..,..,11,..
"Milad",..,11,..,..,..,..,..,..,10,..,..,..,..,..,..,..,11
"Milan",..,..,10,..,..,..,12,12,13,18,23,24,18,19,27,36,44
"Milas",..,..,..,..,..,..,..,..,..,..,..,..,..,..,..,..,11
"Miliam ",..,..,..,..,..,..,..,..,..,..,..,..,10,11,22,20,26
"Milian ",..,..,..,..,..,..,..,..,13,16,25,30,30,49,54,75,80
"Milio ",..,..,..,..,..,..,..,..,..,..,..,..,..,..,10,..,11
"Mille ",..,..,..,..,..,..,24,33,40,37,67,78,65,64,67,64,47
"Milo ",..,..,..,..,..,..,..,34,52,95,144,259,370,300,281,317,264
"Milton",17,19,22,44,27,46,68,117,112,180,171,169,196,184,180,212,246
"Mingus",..,..,..,..,..,..,..,..,..,..,..,10,..,..,..,..,..
"Mio",..,..,..,10,26,32,47,67,78,85,101,141,140,156,153,155,159
"Miran ",..,..,..,..,..,..,..,..,..,..,..,..,18,13,13,17,19
"Miro ",..,..,..,..,..,..,..,..,..,..,12,..,..,..,..,..,..
"Mohamad",11,12,14,12,..,15,17,..,11,10,..,13,10,19,15,..,14
"Mohamed",44,53,56,37,32,34,40,42,51,46,62,66,67,72,106,125,122
"Mohammad",25,26,23,25,25,36,35,32,41,33,30,37,40,47,43,42,41
"Mohammed",47,50,47,41,67,44,58,60,56,63,69,87,83,70,91,85,96
"Moltas",..,..,..,14,10,15,23,18,27,22,27,..,14,15,26,14,15
"Morgan",34,31,43,33,34,31,39,37,38,31,22,27,20,22,13,21,13
"Morris",..,..,11,..,10,20,31,19,35,54,49,45,47,48,48,42,46
"Moses",..,..,..,..,..,12,..,..,10,12,..,10,10,..,..,11,14
"Mostafa",..,..,10,..,10,..,..,..,14,..,..,12,..,..,..,..,..
"Muad",..,..,..,..,..,..,..,..,..,..,..,..,..,..,..,..,13
"Muhamed",..,..,..,..,..,..,..,..,..,..,13,..,..,..,..,..,..
"Muhammad ",..,..,..,..,..,..,..,..,16,13,..,13,18,15,20,32,31
"Muhammed",..,..,10,10,11,..,11,10,..,23,18,13,14,15,18,17,20
"Musab",..,..,..,..,..,..,..,..,..,..,..,..,..,..,..,13,13
"Musa",..,..,..,..,..,..,..,..,..,..,..,..,..,10,..,..,..
"Mustafa",22,27,22,20,25,17,25,26,28,36,41,49,40,43,37,51,31
"Måns",109,128,109,138,146,161,181,176,254,241,196,162,184,147,104,128,106
"Mårten",33,29,14,16,21,22,17,16,..,11,..,10,..,..,10,..,..
"Nahom",..,..,..,..,..,..,..,..,..,..,..,10,..,..,..,..,..
"Natanael",..,..,10,..,10,13,13,10,10,11,12,12,12,10,12,15,11
"Natan",..,..,..,..,..,..,..,..,..,..,..,..,..,12,..,..,10
"Nathanael",..,..,..,..,12,10,..,12,11,..,12,17,10,19,12,12,..
"Nathaniel",..,..,..,..,..,..,..,..,..,14,11,16,15,18,18,28,25
"Nathan",..,..,..,..,11,12,16,17,19,20,23,15,21,27,31,38,33
"Nelson ",..,..,..,..,..,..,..,..,10,10,..,..,15,15,17,26,24
"Nemo",..,..,..,..,..,11,19,22,23,26,22,21,21,24,18,..,17
"Neo",..,..,15,27,33,93,137,194,224,259,248,280,304,281,222,182,173
"Nicholas",24,22,22,34,29,26,31,23,28,23,31,26,25,25,32,30,37
"Nicklas",53,47,32,22,27,19,18,18,18,12,11,..,12,..,..,..,..
"Nick",22,10,11,..,12,15,10,16,12,15,..,18,10,17,10,..,12
"Niclas",64,55,49,45,41,25,21,13,12,10,..,..,..,..,..,..,..
"Nicolai",..,..,..,..,..,..,..,10,..,..,..,..,..,..,..,10,..
"Nicolas",12,19,28,29,20,21,22,32,35,29,34,31,42,40,49,32,35
"Nico",..,..,..,..,..,10,..,..,10,16,18,11,13,19,10,10,15
"Niklas",247,190,132,133,87,81,69,52,40,52,36,22,33,15,18,20,18
"Nikolai",..,..,..,..,..,..,..,..,..,..,..,..,..,..,..,11,..
"Nikolaj ",..,..,..,..,..,..,15,..,11,11,..,..,13,14,12,..,15
"Nikola",20,19,23,18,..,10,21,21,20,17,21,22,16,22,19,16,13
"Nikolas ",..,..,..,..,..,..,..,..,..,..,..,..,10,..,17,..,12
"Nilas ",..,..,..,..,..,..,11,..,..,..,..,18,16,14,12,16,15
"Nilo",..,..,..,..,..,..,..,..,..,..,..,..,16,16,14,25,18
"Nils",143,173,197,212,237,263,255,288,308,346,362,391,427,480,467,488,514
"Nima",..,10,..,..,11,..,..,..,..,..,..,..,..,..,..,..,..
"Nino",..,..,..,..,..,10,..,10,11,17,10,15,14,10,..,..,..
"Noah",54,100,148,181,236,275,321,364,441,459,516,418,469,402,455,440,486
"Noak",..,..,..,..,..,11,..,..,..,..,..,..,..,..,..,..,..
"Noa",16,39,44,43,62,65,55,64,61,70,62,67,82,47,75,45,80
"Noam",..,..,..,..,..,..,..,..,..,..,..,11,..,..,..,..,10
"Noel",27,23,55,78,151,252,273,283,265,360,302,352,410,321,331,281,267
"Nore",..,..,..,..,..,..,..,..,10,..,10,..,..,..,11,..,17
"Norton ",..,..,..,..,..,..,13,..,..,12,16,..,11,..,..,..,..
"Odd ",..,..,..,..,..,..,..,..,..,..,..,..,..,..,10,19,14
"Odin ",..,..,..,..,..,..,..,..,12,..,11,..,13,10,15,19,19
"Ola",31,13,13,12,18,14,..,10,18,11,..,..,10,11,..,11,..
"Oliver",476,476,494,559,647,633,627,653,601,649,669,684,725,669,596,708,637
"Oliwer",40,38,44,60,69,67,57,63,77,74,73,76,67,70,82,76,100
"Olivier ",..,..,..,..,..,..,..,..,..,..,..,..,..,10,..,10,..
"Olle",172,174,186,202,276,337,355,395,432,447,421,434,464,602,588,578,458
"Olliver",..,11,..,..,..,..,..,..,..,..,..,..,..,..,..,..,..
"Olof",76,65,53,79,80,75,85,77,75,84,72,87,70,83,52,66,92
"Olov",..,10,..,..,..,..,10,..,..,..,..,..,..,..,10,..,..
"Omar",46,39,42,40,24,37,36,37,49,59,57,49,61,60,67,91,101
"Omer",..,..,..,..,..,..,..,..,..,..,..,..,..,..,..,11,10
"Oscar",639,699,590,604,650,572,624,633,636,578,584,613,669,547,570,545,482
"Oskar",545,640,545,492,507,479,522,523,521,418,478,396,437,408,346,355,322
"Osman",10,..,..,..,12,..,..,..,..,..,11,..,14,..,10,..,12
"Ossian",16,23,26,24,33,45,48,48,47,85,63,81,104,84,88,88,92
"Otis ",..,..,..,..,..,..,..,..,..,10,18,26,27,33,45,36,67
"Otto",52,48,68,62,65,99,100,115,116,129,152,149,144,141,170,145,185
"Owen",..,..,..,..,..,..,..,..,..,..,..,..,..,10,..,..,..
"Ozzy ",..,..,..,..,..,..,..,..,..,..,..,15,12,16,11,12,..
"Pascal",..,..,..,..,..,11,..,..,..,..,..,..,..,..,12,..,..
"Patrick",19,12,15,21,20,10,15,10,..,12,14,..,10,..,..,..,..
"Patric",26,14,16,12,..,..,..,..,..,..,..,..,..,..,..,..,..
"Patrik",124,93,84,71,74,55,49,42,29,28,25,20,20,16,15,16,16
"Paul",26,18,20,14,16,17,22,11,10,19,16,14,15,12,13,15,18
"Pelle",27,26,24,21,38,42,35,44,50,50,46,49,63,68,57,60,61
"Per",59,54,38,33,42,41,24,24,21,23,15,25,15,21,10,11,14
"Peter",54,52,42,40,41,34,21,24,23,33,21,20,19,14,14,14,18
"Petrus",10,..,13,10,16,..,10,..,..,..,..,..,..,..,..,..,..
"Petter",92,84,96,84,83,67,61,55,46,47,46,46,38,38,33,32,28
"Philip",465,454,409,368,316,341,374,265,271,229,226,204,205,183,223,220,184
"Pierre",22,12,12,11,..,..,..,12,..,..,..,..,..,..,..,..,..
"Pontus",471,411,368,339,334,325,296,214,201,166,133,112,104,110,95,71,67
"Pär",12,..,..,..,..,..,..,..,..,..,..,..,..,..,..,..,..
"Rafael",..,..,16,11,..,13,17,12,25,19,19,20,33,28,33,18,33
"Ragnar",..,..,..,..,10,13,..,..,..,15,11,12,13,..,..,13,26
"Ralf ",..,..,..,..,..,..,..,..,..,..,..,..,12,23,21,42,37
"Ralph ",..,..,..,..,..,..,..,..,..,..,..,..,..,..,12,15,18
"Ramadan",..,..,..,..,..,..,..,..,..,..,10,..,..,..,..,..,..
"Raman",..,..,..,..,..,..,..,..,..,..,10,..,..,..,..,..,..
"Rami",10,..,11,..,10,17,..,15,13,13,16,16,17,25,18,12,16
"Rasmus",586,658,613,639,612,653,648,532,476,422,404,415,398,347,285,239,221
"Rayan ",..,..,..,..,..,..,..,13,12,19,26,28,39,35,50,52,56
"Razmus",..,..,..,..,12,..,..,..,..,..,..,..,..,..,..,..,..
"Rex",..,..,..,..,..,..,..,..,..,..,..,..,..,..,..,11,..
"Richard",65,76,64,33,47,38,27,21,24,12,11,12,..,..,11,13,..
"Rickard",91,108,72,64,51,41,49,30,29,23,16,15,16,15,..,..,..
"Ricky",..,..,14,..,..,..,..,..,..,..,..,..,..,..,..,..,..
"Ridwan",..,..,..,..,..,..,..,..,..,10,..,..,..,..,10,12,..
"Rikard",41,51,30,40,21,21,..,15,11,..,..,..,..,..,..,..,..
"Rio ",..,..,..,..,..,..,..,..,..,..,14,..,16,14,20,20,27
"River ",..,..,..,..,..,..,..,..,..,..,14,10,..,13,14,13,12
"Robert",106,89,93,50,51,36,29,30,26,29,18,13,17,12,13,15,26
"Roberto",..,12,..,..,..,..,..,..,..,..,..,..,..,..,..,..,..
"Robin",476,414,425,391,420,354,343,328,306,249,212,195,184,166,131,91,89
"Roger",10,..,..,..,..,..,..,..,..,..,..,..,..,..,..,..,..
"Roman",..,..,..,..,..,..,..,..,..,10,..,..,..,..,..,..,..
"Romeo",..,..,..,..,..,10,16,26,29,30,24,10,21,20,21,18,18
"Roni",..,10,..,..,10,..,..,..,12,10,..,11,..,..,12,..,..
"Roy ",..,..,..,..,..,..,..,..,..,..,..,..,..,11,..,12,12
"Ruben",37,29,21,45,53,38,43,58,71,83,89,118,106,80,104,90,73
"Rufus",..,..,..,..,..,10,..,12,..,16,36,36,28,21,30,26,19
"Rune",..,..,..,..,..,..,..,..,..,..,..,..,..,..,..,..,12
"Ryan",..,..,11,..,..,..,16,13,12,27,25,16,28,28,28,26,26
"Said ",..,..,..,..,..,..,..,..,..,11,..,..,..,10,12,15,13
"Saif",..,..,..,..,..,..,..,..,..,..,..,..,..,..,..,11,13
"Sakarias",..,..,11,..,..,..,10,..,14,..,..,..,..,13,..,10,..
"Salman ",..,..,..,..,..,..,..,..,..,..,..,10,..,10,..,27,27
"Sami",24,20,16,13,21,18,15,22,15,29,25,22,39,25,35,33,41
"Samir",14,13,..,12,..,..,12,..,..,21,10,22,18,15,18,28,19
"Sam",44,49,52,61,55,62,74,81,101,94,135,139,157,190,194,223,233
"Sammy",..,17,..,..,..,11,..,..,11,..,..,..,..,10,..,..,15
"Samuel",483,601,587,518,499,462,402,361,382,323,301,280,243,252,260,248,222
"Sander",..,..,..,10,..,21,22,14,25,21,25,35,34,20,34,28,39
"Santino ",..,..,..,..,..,..,..,..,..,..,..,..,..,15,10,..,..
"Scott ",..,..,..,..,..,..,..,..,14,..,14,19,10,14,17,20,11
"Sean",16,..,14,20,15,11,16,10,25,18,17,14,12,..,10,..,..
"Sebastian",592,651,636,559,614,577,541,418,453,414,358,343,322,283,251,243,234
"Seth",..,..,..,12,11,10,11,16,11,24,16,22,31,18,31,59,36
"Shayan",..,..,..,..,..,10,..,..,..,..,..,..,..,..,..,..,..
"Sid ",..,..,..,..,..,..,..,..,..,15,14,14,20,11,16,13,17
"Sigge",..,17,11,17,27,27,31,48,69,114,175,199,183,177,192,226,267
"Sigurd",..,..,..,..,..,..,..,..,..,..,..,..,10,..,..,..,..
"Sigvard",..,..,..,..,..,..,..,..,..,12,11,12,..,..,16,10,16
"Silas ",..,..,..,..,..,..,..,..,..,..,16,47,42,40,36,34,29
"Simon",1154,1143,1083,882,931,955,878,774,713,587,582,463,448,392,337,330,239
"Sixten",18,24,34,41,52,55,95,129,165,175,258,322,325,366,427,405,469
"Sonny",11,..,..,..,..,15,12,..,..,..,11,..,16,..,..,..,..
"Stefan",55,61,46,38,38,32,29,27,26,30,28,19,26,23,21,23,34
"Stellan ",..,..,..,..,..,..,..,..,..,..,..,11,..,12,24,23,29
"Sten ",..,..,..,..,..,..,..,..,..,..,..,10,..,..,..,..,..
"Steven ",..,..,..,..,..,..,..,..,..,..,..,..,10,..,..,..,..
"Stig ",..,..,..,..,..,..,..,..,..,11,..,..,14,16,15,22,11
"Sture ",..,..,..,..,..,..,..,..,..,..,..,20,11,12,14,13,14
"Sune",..,..,..,..,..,..,..,..,..,..,..,11,10,11,16,16,19
"Svante",35,22,39,37,53,57,80,86,113,126,138,136,152,141,163,157,142
"Sven",13,18,11,13,20,16,20,14,32,20,19,29,16,33,48,32,36
"Sylvester",..,..,..,..,..,..,..,..,..,..,..,..,..,..,..,..,10
"Tage",..,..,..,..,17,30,29,38,56,70,88,115,123,151,139,189,205
"Taha",..,..,..,..,..,..,..,..,..,..,..,..,..,..,..,..,13
"Taim",..,..,..,..,..,..,..,..,..,..,..,..,..,..,..,11,12
"Tarik",..,10,..,..,10,11,12,23,17,27,12,..,..,..,14,..,..
"Teddy",..,..,13,..,11,12,15,16,15,..,10,11,..,..,..,..,12
"Ted",39,34,41,38,41,27,31,61,49,55,59,66,80,83,78,131,98
"Teodor",54,50,42,50,51,70,76,77,70,76,59,71,82,67,77,76,76
"Teo",18,14,25,34,38,52,68,74,76,80,86,77,85,71,77,59,45
"Texas",..,..,..,..,..,..,..,11,22,32,16,27,45,38,40,30,35
"Theodore",..,..,..,10,..,23,14,16,22,32,34,51,55,37,42,68,86
"Theodor",80,106,88,115,124,163,179,209,197,231,240,269,334,284,252,309,328
"Theo",27,44,80,106,148,216,271,320,416,451,456,593,714,491,490,444,452
"Thiago ",..,..,..,..,..,..,..,..,..,..,..,..,..,..,13,21,23
"Thim",..,..,..,10,..,..,10,11,12,..,..,..,10,..,..,..,..
"Thomas",55,40,44,39,29,25,18,14,18,30,20,22,17,11,15,15,17
"Thor",15,10,10,11,16,20,11,15,27,21,23,38,39,47,73,75,85
"Thure ",..,..,..,..,..,..,..,..,..,..,10,..,..,..,..,11,..
"Tiam ",..,..,..,..,..,..,..,..,..,..,..,..,..,11,..,..,..
"Tiger",..,..,..,..,..,..,..,..,10,..,..,..,10,..,..,..,..
"Tim",257,273,284,276,280,303,313,317,299,254,223,214,221,162,144,142,119
"Timmie",..,10,..,..,..,..,..,..,..,..,..,..,..,..,..,..,..
"Timmy",39,31,48,41,38,26,24,27,25,14,18,17,20,14,14,19,12
"Timo ",..,..,..,..,..,..,..,..,..,..,..,10,11,..,..,..,13
"Timothy",36,31,29,24,37,35,26,21,19,23,19,27,19,15,23,23,13
"Tino ",..,..,..,..,..,..,..,..,..,..,..,..,16,11,11,10,15
"Tintin",10,10,..,..,10,..,..,..,..,..,..,12,..,..,..,..,..
"Titus ",..,..,..,..,..,..,..,..,..,..,..,10,12,..,..,..,10
"Tobias",471,382,311,269,233,233,191,145,145,102,81,48,55,31,31,26,19
"Todd ",..,..,..,..,..,..,..,..,..,..,..,..,..,..,15,..,12
"Tomas",36,32,29,19,21,18,26,16,15,15,11,12,13,15,11,16,12
"Tom",88,81,69,46,49,59,51,46,59,46,49,53,52,46,48,42,52
"Tommy",28,34,29,23,14,15,12,..,14,13,17,12,..,..,..,..,..
"Tony",31,15,21,13,15,17,24,14,13,16,..,..,11,..,..,..,..
"Tore ",..,..,..,..,..,..,14,17,24,40,20,26,34,36,28,34,60
"Tor",23,39,27,27,28,50,38,36,52,49,65,43,50,59,55,71,55
"Torsten ",..,..,..,..,..,..,..,..,..,..,..,..,..,..,11,11,18
"Totte ",..,..,..,..,..,..,..,10,10,..,..,10,..,..,..,..,..
"Travis ",..,..,..,..,..,..,..,..,..,..,..,..,..,11,..,..,..
"Tristan",..,..,11,..,19,26,39,45,46,69,62,84,78,73,57,57,73
"Troy ",..,..,..,..,..,..,..,10,..,17,26,32,30,34,24,24,20
"Truls",..,15,16,15,29,21,27,17,25,28,29,19,23,15,24,21,21
"Ture",..,..,16,17,26,35,45,54,62,73,72,89,124,104,103,119,122
"Tyler ",..,..,..,..,..,..,..,..,..,..,..,..,..,..,10,..,..
"Tyr ",..,..,..,..,..,..,..,..,..,..,..,10,..,11,..,14,15
"Uno ",..,..,..,..,..,..,..,12,..,..,..,16,17,15,23,13,18
"Valdemar",10,17,22,22,31,32,37,48,40,58,68,70,66,65,61,64,70
"Waldemar ",..,..,..,..,..,..,10,..,10,12,15,14,17,15,15,15,20
"Valentin",12,..,..,11,..,15,22,23,21,18,27,17,26,29,27,34,35
"Valentino",..,..,..,..,..,11,..,10,12,..,15,14,15,17,15,15,13
"Walid ",..,..,..,..,..,..,..,10,..,..,..,..,..,..,..,..,10
"Valle ",..,..,..,..,..,..,..,..,..,15,..,10,13,18,14,10,12
"Valter",10,18,23,25,35,37,50,65,78,92,133,126,169,169,221,213,256
"Walter",10,13,..,22,21,22,41,36,50,53,64,83,99,107,132,160,192
"Walther",..,..,..,..,..,..,..,..,..,..,..,..,..,..,..,10,..
"Victor",413,452,472,388,385,402,397,323,354,330,300,292,286,276,253,265,231
"Wictor",14,18,19,21,11,17,12,15,13,..,..,..,11,11,10,13,..
"Vidar",22,18,28,27,38,52,77,97,113,149,155,168,178,192,201,242,242
"Widar",..,..,..,..,..,..,..,..,..,..,..,..,..,..,..,11,..
"Vide",..,..,..,..,..,11,14,20,25,58,59,63,85,88,99,111,107
"Viggo",15,15,47,53,114,240,305,327,433,408,443,479,441,399,343,345,291
"Wiggo",..,..,..,10,13,31,32,38,59,50,59,61,58,54,51,45,39
"Vigor ",..,..,..,..,..,..,16,13,11,16,..,..,..,..,..,..,..
"Viking",13,16,17,13,21,10,12,17,19,..,24,13,16,18,17,12,12
"Viktor",550,582,589,534,546,590,555,549,556,536,425,414,424,427,388,342,308
"Wiktor",14,16,16,17,22,22,12,22,23,16,20,17,19,15,15,18,15
"Vilde ",..,..,..,..,..,..,..,10,..,13,12,12,21,47,37,24,32
"Wilde ",..,..,..,..,..,..,..,..,..,..,..,..,..,30,17,17,11
"Wilfred",..,..,..,..,..,..,..,..,..,..,..,..,..,..,..,..,10
"Vilgot",..,19,31,31,57,68,91,141,161,170,163,171,180,162,177,160,160
"Wilgot",..,..,..,..,..,11,16,33,25,36,32,25,37,29,34,39,33
"Vilhelm",45,47,38,48,43,63,62,71,82,57,72,76,86,76,102,94,75
"Wilhelm",64,79,80,68,90,90,130,116,113,128,125,141,124,146,136,110,127
"Ville",13,28,40,34,57,80,119,157,162,137,196,193,206,231,159,151,139
"Wille",10,15,30,29,32,57,67,99,112,125,117,133,137,127,101,113,110
"Villiam",19,20,16,..,12,11,10,13,..,15,..,12,..,11,16,..,11
"William",823,940,1095,975,995,1215,1238,1115,1092,1138,963,989,1018,1017,893,896,830
"Willy",13,18,20,12,14,..,10,..,10,..,12,..,14,..,10,..,..
"Vilmer",12,12,19,30,34,52,71,82,125,200,184,208,186,196,176,154,136
"Wilmer",20,31,47,45,50,86,141,204,197,274,259,299,269,262,241,225,189
"Vilton ",..,..,..,..,..,..,..,..,..,..,..,..,..,13,15,..,16
"Wilton",..,..,..,..,..,..,..,..,..,12,29,23,27,38,43,54,66
"Vince ",..,..,..,..,..,..,..,..,..,..,10,11,14,15,19,23,25
"Vincent",80,102,89,118,124,145,224,219,305,344,463,519,573,582,632,607,614
"Wincent ",..,..,..,..,..,..,..,..,13,11,13,17,16,22,24,21,21
"Vinston ",..,..,..,..,..,..,..,..,..,..,..,..,13,..,..,13,10
"Winston",..,..,..,..,..,..,..,..,11,22,15,25,30,30,41,53,49
"Xander ",..,..,..,..,..,..,12,18,10,..,..,13,12,..,18,13,18
"Yahya",..,..,..,..,..,10,..,..,..,..,10,13,22,14,26,25,25
"Yahye",..,..,..,..,..,..,..,..,..,..,..,..,..,..,..,14,..
"Yasin",..,..,..,11,..,..,11,10,16,17,18,18,29,25,19,25,27
"Yasir ",..,..,..,..,..,..,..,..,..,..,..,10,10,11,11,..,11
"Yassin",..,..,..,..,..,..,..,..,..,..,..,10,..,12,21,11,12
"Yazan",..,..,..,..,..,..,..,..,..,..,..,..,..,..,..,..,11
"Yones",..,..,..,..,..,..,..,..,..,..,..,..,..,..,..,10,..
"Yonis",10,..,..,..,..,..,10,..,..,..,..,..,..,..,..,..,..
"Yosef",..,..,..,..,16,..,..,10,19,25,37,33,47,33,33,35,42
"Younes",..,..,..,..,..,10,15,..,..,..,..,15,..,..,21,16,10
"Yousef",12,14,10,..,16,15,13,19,11,17,35,29,28,34,50,51,42
"Yousif",..,..,..,..,..,..,..,..,..,..,..,17,16,17,18,10,11
"Youssef",..,..,..,..,..,11,..,..,..,10,..,..,12,15,11,13,21
"Yunus",..,..,..,..,..,..,..,..,..,11,..,..,..,..,..,..,10
"Yusuf",12,15,..,10,14,..,18,16,13,32,24,23,31,41,50,47,67
"Zacharias",16,31,20,28,19,19,25,36,29,20,29,33,42,26,33,23,29
"Zackarias",12,14,..,21,12,12,23,39,25,25,22,31,30,44,26,37,26
"Zack",13,13,..,14,14,16,27,34,35,34,29,31,39,24,33,19,29
"Zaid",..,..,..,..,..,..,..,..,..,..,..,..,..,..,..,12,10
"Zain",..,..,..,..,..,..,..,..,..,..,..,..,..,..,..,..,10
"Zakaria",14,14,16,11,11,18,22,15,18,25,19,27,20,30,35,30,51
"Zakarias",..,10,..,12,14,17,19,12,20,12,15,..,..,12,13,18,18
"Zakariya",..,..,..,..,..,..,..,..,..,..,..,..,..,10,..,11,14
"Zakk ",..,..,..,..,..,..,..,..,..,..,..,..,10,..,..,..,..
"Zander ",..,..,..,..,..,..,..,..,..,13,11,13,13,16,10,19,..
"Zebastian",23,22,26,29,26,26,21,21,18,15,14,13,..,..,..,..,..
"Zeb",..,..,11,..,11,20,18,16,22,19,23,15,19,11,16,10,12
"Zeke ",..,..,..,..,..,..,..,11,..,13,17,..,19,15,11,17,21
"Zion ",..,..,..,..,..,..,..,..,16,23,18,16,19,14,11,15,16
"Åke",..,..,13,..,10,10,13,17,19,14,22,13,24,24,24,26,36
"Ömer ",..,..,..,..,..,..,..,..,..,..,..,12,..,..,..,..,..
